Specialty	Year	Class	Name	Value
Anesthesiology	2012	PGY1	MD Senior % Filled	78.9
Anesthesiology	2012	PGY1	Total % Filled	97.6
Anesthesiology	2013	PGY1	MD Senior % Filled	69.7
Anesthesiology	2013	PGY1	Total % Filled	95.9
Anesthesiology	2014	PGY1	MD Senior % Filled	71.9
Anesthesiology	2014	PGY1	Total % Filled	97.6
Anesthesiology	2015	PGY1	MD Senior % Filled	73.0
Anesthesiology	2015	PGY1	Total % Filled	97.4
Anesthesiology	2016	PGY1	MD Senior % Filled	68.7
Anesthesiology	2016	PGY1	Total % Filled	95.1
Anesthesiology	2017	PGY1	MD Senior % Filled	66.8
Anesthesiology	2017	PGY1	Total % Filled	95.3
Anesthesiology	2018	PGY1	MD Senior % Filled	68.7
Anesthesiology	2018	PGY1	Total % Filled	97.8
Anesthesiology	2019	PGY1	MD Senior % Filled	67.8
Anesthesiology	2019	PGY1	Total % Filled	98.4
Anesthesiology	2020	PGY1	MD Senior % Filled	68.3
Anesthesiology	2020	PGY1	Total % Filled	99.9
Anesthesiology	2021	PGY1	MD Senior % Filled	70.1
Anesthesiology	2021	PGY1	Total % Filled	99.8
Anesthesiology	2022	PGY1	MD Senior % Filled	69.8
Anesthesiology	2022	PGY1	Total % Filled	99.9
Anesthesiology	2012	PGY2	MD Senior % Filled	71.3
Anesthesiology	2012	PGY2	Total % Filled	96.9
Anesthesiology	2013	PGY2	MD Senior % Filled	68.6
Anesthesiology	2013	PGY2	Total % Filled	96.9
Anesthesiology	2014	PGY2	MD Senior % Filled	63.5
Anesthesiology	2014	PGY2	Total % Filled	93.6
Anesthesiology	2015	PGY2	MD Senior % Filled	62.3
Anesthesiology	2015	PGY2	Total % Filled	92.7
Anesthesiology	2016	PGY2	MD Senior % Filled	60.3
Anesthesiology	2016	PGY2	Total % Filled	91.7
Anesthesiology	2017	PGY2	MD Senior % Filled	51.9
Anesthesiology	2017	PGY2	Total % Filled	93.9
Anesthesiology	2018	PGY2	MD Senior % Filled	55.0
Anesthesiology	2018	PGY2	Total % Filled	98.9
Anesthesiology	2019	PGY2	MD Senior % Filled	57.5
Anesthesiology	2019	PGY2	Total % Filled	98.1
Anesthesiology	2020	PGY2	MD Senior % Filled	66.6
Anesthesiology	2020	PGY2	Total % Filled	99.5
Anesthesiology	2021	PGY2	MD Senior % Filled	62.2
Anesthesiology	2021	PGY2	Total % Filled	100.0
Anesthesiology	2022	PGY2	MD Senior % Filled	67.1
Anesthesiology	2022	PGY2	Total % Filled	100.0
Child Neurology	2012	PGY1	MD Senior % Filled	58.6
Child Neurology	2012	PGY1	Total % Filled	79.8
Child Neurology	2013	PGY1	MD Senior % Filled	52.0
Child Neurology	2013	PGY1	Total % Filled	82.9
Child Neurology	2014	PGY1	MD Senior % Filled	71.7
Child Neurology	2014	PGY1	Total % Filled	87.0
Child Neurology	2015	PGY1	MD Senior % Filled	70.2
Child Neurology	2015	PGY1	Total % Filled	91.3
Child Neurology	2016	PGY1	MD Senior % Filled	77.6
Child Neurology	2016	PGY1	Total % Filled	94.0
Child Neurology	2017	PGY1	MD Senior % Filled	75.8
Child Neurology	2017	PGY1	Total % Filled	93.0
Child Neurology	2018	PGY1	MD Senior % Filled	75.4
Child Neurology	2018	PGY1	Total % Filled	96.3
Child Neurology	2019	PGY1	MD Senior % Filled	70.3
Child Neurology	2019	PGY1	Total % Filled	91.7
Child Neurology	2020	PGY1	MD Senior % Filled	69.8
Child Neurology	2020	PGY1	Total % Filled	95.0
Child Neurology	2021	PGY1	MD Senior % Filled	62.9
Child Neurology	2021	PGY1	Total % Filled	92.5
Child Neurology	2022	PGY1	MD Senior % Filled	61.4
Child Neurology	2022	PGY1	Total % Filled	90.4
Child Neurology	2012	PGY2	MD Senior % Filled	48.9
Child Neurology	2012	PGY2	Total % Filled	74.5
Child Neurology	2013	PGY2	MD Senior % Filled	37.8
Child Neurology	2013	PGY2	Total % Filled	70.3
Child Neurology	2014	PGY2	MD Senior % Filled	39.3
Child Neurology	2014	PGY2	Total % Filled	71.4
Child Neurology	2015	PGY2	MD Senior % Filled	29.2
Child Neurology	2015	PGY2	Total % Filled	70.8
Child Neurology	2016	PGY2	MD Senior % Filled	44.4
Child Neurology	2016	PGY2	Total % Filled	88.9
Child Neurology	2017	PGY2	MD Senior % Filled	45.5
Child Neurology	2017	PGY2	Total % Filled	81.8
Child Neurology	2018	PGY2	MD Senior % Filled	37.5
Child Neurology	2018	PGY2	Total % Filled	87.5
Child Neurology	2019	PGY2	MD Senior % Filled	9.1
Child Neurology	2019	PGY2	Total % Filled	81.8
Child Neurology	2020	PGY2	MD Senior % Filled	11.1
Child Neurology	2020	PGY2	Total % Filled	66.7
Child Neurology	2021	PGY2	MD Senior % Filled	12.5
Child Neurology	2021	PGY2	Total % Filled	75.0
Child Neurology	2022	PGY2	MD Senior % Filled	28.6
Child Neurology	2022	PGY2	Total % Filled	100.0
Dermatology	2012	PGY1	MD Senior % Filled	95.7
Dermatology	2012	PGY1	Total % Filled	100.0
Dermatology	2013	PGY1	MD Senior % Filled	55.3
Dermatology	2013	PGY1	Total % Filled	97.4
Dermatology	2014	PGY1	MD Senior % Filled	100.0
Dermatology	2014	PGY1	Total % Filled	100.0
Dermatology	2015	PGY1	MD Senior % Filled	90.9
Dermatology	2015	PGY1	Total % Filled	100.0
Dermatology	2016	PGY1	MD Senior % Filled	100.0
Dermatology	2016	PGY1	Total % Filled	100.0
Dermatology	2017	PGY1	MD Senior % Filled	92.3
Dermatology	2017	PGY1	Total % Filled	100.0
Dermatology	2018	PGY1	MD Senior % Filled	88.0
Dermatology	2018	PGY1	Total % Filled	92.0
Dermatology	2019	PGY1	MD Senior % Filled	76.7
Dermatology	2019	PGY1	Total % Filled	93.3
Dermatology	2020	PGY1	MD Senior % Filled	74.2
Dermatology	2020	PGY1	Total % Filled	100.0
Dermatology	2021	PGY1	MD Senior % Filled	83.3
Dermatology	2021	PGY1	Total % Filled	100.0
Dermatology	2022	PGY1	MD Senior % Filled	80.0
Dermatology	2022	PGY1	Total % Filled	93.3
Dermatology	2012	PGY2	MD Senior % Filled	84.7
Dermatology	2012	PGY2	Total % Filled	96.8
Dermatology	2013	PGY2	MD Senior % Filled	85.6
Dermatology	2013	PGY2	Total % Filled	98.1
Dermatology	2014	PGY2	MD Senior % Filled	87.9
Dermatology	2014	PGY2	Total % Filled	98.4
Dermatology	2015	PGY2	MD Senior % Filled	87.3
Dermatology	2015	PGY2	Total % Filled	99.0
Dermatology	2016	PGY2	MD Senior % Filled	85.5
Dermatology	2016	PGY2	Total % Filled	97.5
Dermatology	2017	PGY2	MD Senior % Filled	81.8
Dermatology	2017	PGY2	Total % Filled	98.1
Dermatology	2018	PGY2	MD Senior % Filled	81.7
Dermatology	2018	PGY2	Total % Filled	98.6
Dermatology	2019	PGY2	MD Senior % Filled	82.8
Dermatology	2019	PGY2	Total % Filled	99.3
Dermatology	2020	PGY2	MD Senior % Filled	77.0
Dermatology	2020	PGY2	Total % Filled	98.1
Dermatology	2021	PGY2	MD Senior % Filled	80.1
Dermatology	2021	PGY2	Total % Filled	98.7
Dermatology	2022	PGY2	MD Senior % Filled	82.9
Dermatology	2022	PGY2	Total % Filled	99.4
Emergency Med-Anesthesiology	2018	PGY1	MD Senior % Filled	100.0
Emergency Med-Anesthesiology	2018	PGY1	Total % Filled	100.0
Emergency Med-Anesthesiology	2019	PGY1	MD Senior % Filled	0.0
Emergency Med-Anesthesiology	2019	PGY1	Total % Filled	100.0
Emergency Med-Anesthesiology	2020	PGY1	MD Senior % Filled	0.0
Emergency Med-Anesthesiology	2020	PGY1	Total % Filled	0.0
Emergency Med-Anesthesiology	2021	PGY1	MD Senior % Filled	100.0
Emergency Med-Anesthesiology	2021	PGY1	Total % Filled	100.0
Emergency Med-Anesthesiology	2022	PGY1	MD Senior % Filled	50.0
Emergency Med-Anesthesiology	2022	PGY1	Total % Filled	100.0
Emergency Med-Family Med	2012	PGY1	MD Senior % Filled	50.0
Emergency Med-Family Med	2012	PGY1	Total % Filled	100.0
Emergency Med-Family Med	2013	PGY1	MD Senior % Filled	75.0
Emergency Med-Family Med	2013	PGY1	Total % Filled	100.0
Emergency Med-Family Med	2014	PGY1	MD Senior % Filled	100.0
Emergency Med-Family Med	2014	PGY1	Total % Filled	100.0
Emergency Med-Family Med	2015	PGY1	MD Senior % Filled	25.0
Emergency Med-Family Med	2015	PGY1	Total % Filled	100.0
Emergency Med-Family Med	2016	PGY1	MD Senior % Filled	50.0
Emergency Med-Family Med	2016	PGY1	Total % Filled	100.0
Emergency Med-Family Med	2017	PGY1	MD Senior % Filled	50.0
Emergency Med-Family Med	2017	PGY1	Total % Filled	100.0
Emergency Med-Family Med	2018	PGY1	MD Senior % Filled	75.0
Emergency Med-Family Med	2018	PGY1	Total % Filled	100.0
Emergency Med-Family Med	2019	PGY1	MD Senior % Filled	25.0
Emergency Med-Family Med	2019	PGY1	Total % Filled	100.0
Emergency Med-Family Med	2020	PGY1	MD Senior % Filled	33.3
Emergency Med-Family Med	2020	PGY1	Total % Filled	100.0
Emergency Med-Family Med	2021	PGY1	MD Senior % Filled	71.4
Emergency Med-Family Med	2021	PGY1	Total % Filled	100.0
Emergency Med-Family Med	2022	PGY1	MD Senior % Filled	57.1
Emergency Med-Family Med	2022	PGY1	Total % Filled	100.0
Emergency Medicine	2012	PGY1	MD Senior % Filled	80.0
Emergency Medicine	2012	PGY1	Total % Filled	100.0
Emergency Medicine	2013	PGY1	MD Senior % Filled	81.9
Emergency Medicine	2013	PGY1	Total % Filled	99.8
Emergency Medicine	2014	PGY1	MD Senior % Filled	77.7
Emergency Medicine	2014	PGY1	Total % Filled	99.2
Emergency Medicine	2015	PGY1	MD Senior % Filled	79.0
Emergency Medicine	2015	PGY1	Total % Filled	99.6
Emergency Medicine	2016	PGY1	MD Senior % Filled	78.4
Emergency Medicine	2016	PGY1	Total % Filled	99.9
Emergency Medicine	2017	PGY1	MD Senior % Filled	78.2
Emergency Medicine	2017	PGY1	Total % Filled	99.7
Emergency Medicine	2018	PGY1	MD Senior % Filled	70.5
Emergency Medicine	2018	PGY1	Total % Filled	99.4
Emergency Medicine	2019	PGY1	MD Senior % Filled	65.0
Emergency Medicine	2019	PGY1	Total % Filled	98.8
Emergency Medicine	2020	PGY1	MD Senior % Filled	64.3
Emergency Medicine	2020	PGY1	Total % Filled	99.5
Emergency Medicine	2021	PGY1	MD Senior % Filled	62.1
Emergency Medicine	2021	PGY1	Total % Filled	99.5
Emergency Medicine	2022	PGY1	MD Senior % Filled	54.5
Emergency Medicine	2022	PGY1	Total % Filled	92.5
Family Med-Preventive Med	2012	PGY1	MD Senior % Filled	16.7
Family Med-Preventive Med	2012	PGY1	Total % Filled	66.7
Family Med-Preventive Med	2013	PGY1	MD Senior % Filled	50.0
Family Med-Preventive Med	2013	PGY1	Total % Filled	83.3
Family Med-Preventive Med	2014	PGY1	MD Senior % Filled	60.0
Family Med-Preventive Med	2014	PGY1	Total % Filled	100.0
Family Med-Preventive Med	2015	PGY1	MD Senior % Filled	100.0
Family Med-Preventive Med	2015	PGY1	Total % Filled	100.0
Family Med-Preventive Med	2016	PGY1	MD Senior % Filled	16.7
Family Med-Preventive Med	2016	PGY1	Total % Filled	100.0
Family Med-Preventive Med	2017	PGY1	MD Senior % Filled	83.3
Family Med-Preventive Med	2017	PGY1	Total % Filled	100.0
Family Med-Preventive Med	2018	PGY1	MD Senior % Filled	100.0
Family Med-Preventive Med	2018	PGY1	Total % Filled	100.0
Family Med-Preventive Med	2019	PGY1	MD Senior % Filled	75.0
Family Med-Preventive Med	2019	PGY1	Total % Filled	100.0
Family Med-Preventive Med	2020	PGY1	MD Senior % Filled	66.7
Family Med-Preventive Med	2020	PGY1	Total % Filled	66.7
Family Med-Preventive Med	2021	PGY1	MD Senior % Filled	50.0
Family Med-Preventive Med	2021	PGY1	Total % Filled	100.0
Family Med-Preventive Med	2022	PGY1	MD Senior % Filled	0.0
Family Med-Preventive Med	2022	PGY1	Total % Filled	100.0
Family Medicine	2012	PGY1	MD Senior % Filled	48.2
Family Medicine	2012	PGY1	Total % Filled	94.6
Family Medicine	2013	PGY1	MD Senior % Filled	44.6
Family Medicine	2013	PGY1	Total % Filled	95.9
Family Medicine	2014	PGY1	MD Senior % Filled	45.0
Family Medicine	2014	PGY1	Total % Filled	95.8
Family Medicine	2015	PGY1	MD Senior % Filled	44.0
Family Medicine	2015	PGY1	Total % Filled	95.1
Family Medicine	2016	PGY1	MD Senior % Filled	45.3
Family Medicine	2016	PGY1	Total % Filled	95.2
Family Medicine	2017	PGY1	MD Senior % Filled	45.1
Family Medicine	2017	PGY1	Total % Filled	95.8
Family Medicine	2018	PGY1	MD Senior % Filled	44.9
Family Medicine	2018	PGY1	Total % Filled	96.7
Family Medicine	2019	PGY1	MD Senior % Filled	39.0
Family Medicine	2019	PGY1	Total % Filled	93.2
Family Medicine	2020	PGY1	MD Senior % Filled	33.1
Family Medicine	2020	PGY1	Total % Filled	92.5
Family Medicine	2021	PGY1	MD Senior % Filled	33.3
Family Medicine	2021	PGY1	Total % Filled	92.7
Family Medicine	2022	PGY1	MD Senior % Filled	31.3
Family Medicine	2022	PGY1	Total % Filled	90.5
Family Medicine-ONMM	2018	PGY1	MD Senior % Filled	0.0
Family Medicine-ONMM	2018	PGY1	Total % Filled	100.0
Family Medicine-ONMM	2019	PGY1	MD Senior % Filled	0.0
Family Medicine-ONMM	2019	PGY1	Total % Filled	100.0
Family Medicine-ONMM	2020	PGY1	MD Senior % Filled	0.0
Family Medicine-ONMM	2020	PGY1	Total % Filled	100.0
Internal Medicine (Categorical)	2012	PGY1	MD Senior % Filled	55.7
Internal Medicine (Categorical)	2012	PGY1	Total % Filled	99.0
Internal Medicine (Categorical)	2013	PGY1	MD Senior % Filled	49.9
Internal Medicine (Categorical)	2013	PGY1	Total % Filled	99.4
Internal Medicine (Categorical)	2014	PGY1	MD Senior % Filled	48.5
Internal Medicine (Categorical)	2014	PGY1	Total % Filled	99.1
Internal Medicine (Categorical)	2015	PGY1	MD Senior % Filled	49.0
Internal Medicine (Categorical)	2015	PGY1	Total % Filled	98.9
Internal Medicine (Categorical)	2016	PGY1	MD Senior % Filled	46.9
Internal Medicine (Categorical)	2016	PGY1	Total % Filled	98.8
Internal Medicine (Categorical)	2017	PGY1	MD Senior % Filled	44.9
Internal Medicine (Categorical)	2017	PGY1	Total % Filled	98.2
Internal Medicine (Categorical)	2018	PGY1	MD Senior % Filled	42.4
Internal Medicine (Categorical)	2018	PGY1	Total % Filled	97.6
Internal Medicine (Categorical)	2019	PGY1	MD Senior % Filled	41.5
Internal Medicine (Categorical)	2019	PGY1	Total % Filled	97.2
Internal Medicine (Categorical)	2020	PGY1	MD Senior % Filled	40.2
Internal Medicine (Categorical)	2020	PGY1	Total % Filled	95.7
Internal Medicine (Categorical)	2021	PGY1	MD Senior % Filled	39.0
Internal Medicine (Categorical)	2021	PGY1	Total % Filled	95.7
Internal Medicine (Categorical)	2022	PGY1	MD Senior % Filled	37.2
Internal Medicine (Categorical)	2022	PGY1	Total % Filled	95.0
Interventional Radiology (Integrated)	2016	PGY1	MD Senior % Filled	100.0
Interventional Radiology (Integrated)	2016	PGY1	Total % Filled	100.0
Interventional Radiology (Integrated)	2017	PGY1	MD Senior % Filled	79.3
Interventional Radiology (Integrated)	2017	PGY1	Total % Filled	93.1
Interventional Radiology (Integrated)	2018	PGY1	MD Senior % Filled	97.1
Interventional Radiology (Integrated)	2018	PGY1	Total % Filled	100.0
Interventional Radiology (Integrated)	2019	PGY1	MD Senior % Filled	81.1
Interventional Radiology (Integrated)	2019	PGY1	Total % Filled	100.0
Interventional Radiology (Integrated)	2020	PGY1	MD Senior % Filled	65.8
Interventional Radiology (Integrated)	2020	PGY1	Total % Filled	97.4
Interventional Radiology (Integrated)	2021	PGY1	MD Senior % Filled	73.2
Interventional Radiology (Integrated)	2021	PGY1	Total % Filled	92.7
Interventional Radiology (Integrated)	2022	PGY1	MD Senior % Filled	82.2
Interventional Radiology (Integrated)	2022	PGY1	Total % Filled	100.0
Interventional Radiology (Integrated)	2016	PGY2	MD Senior % Filled	100.0
Interventional Radiology (Integrated)	2016	PGY2	Total % Filled	100.0
Interventional Radiology (Integrated)	2017	PGY2	MD Senior % Filled	86.3
Interventional Radiology (Integrated)	2017	PGY2	Total % Filled	95.8
Interventional Radiology (Integrated)	2018	PGY2	MD Senior % Filled	94.9
Interventional Radiology (Integrated)	2018	PGY2	Total % Filled	100.0
Interventional Radiology (Integrated)	2019	PGY2	MD Senior % Filled	89.4
Interventional Radiology (Integrated)	2019	PGY2	Total % Filled	100.0
Interventional Radiology (Integrated)	2020	PGY2	MD Senior % Filled	79.7
Interventional Radiology (Integrated)	2020	PGY2	Total % Filled	94.1
Interventional Radiology (Integrated)	2021	PGY2	MD Senior % Filled	80.2
Interventional Radiology (Integrated)	2021	PGY2	Total % Filled	96.7
Interventional Radiology (Integrated)	2022	PGY2	MD Senior % Filled	80.5
Interventional Radiology (Integrated)	2022	PGY2	Total % Filled	100.0
Medical Genetics	2013	PGY1	MD Senior % Filled	0.0
Medical Genetics	2013	PGY1	Total % Filled	0.0
Medicine-Anesthesiology	2013	PGY1	MD Senior % Filled	0.0
Medicine-Anesthesiology	2013	PGY1	Total % Filled	0.0
Medicine-Anesthesiology	2014	PGY1	MD Senior % Filled	71.4
Medicine-Anesthesiology	2014	PGY1	Total % Filled	71.4
Medicine-Anesthesiology	2015	PGY1	MD Senior % Filled	66.7
Medicine-Anesthesiology	2015	PGY1	Total % Filled	100.0
Medicine-Anesthesiology	2016	PGY1	MD Senior % Filled	100.0
Medicine-Anesthesiology	2016	PGY1	Total % Filled	100.0
Medicine-Anesthesiology	2017	PGY1	MD Senior % Filled	66.7
Medicine-Anesthesiology	2017	PGY1	Total % Filled	66.7
Medicine-Anesthesiology	2018	PGY1	MD Senior % Filled	100.0
Medicine-Anesthesiology	2018	PGY1	Total % Filled	100.0
Medicine-Anesthesiology	2019	PGY1	MD Senior % Filled	80.0
Medicine-Anesthesiology	2019	PGY1	Total % Filled	80.0
Medicine-Anesthesiology	2020	PGY1	MD Senior % Filled	100.0
Medicine-Anesthesiology	2020	PGY1	Total % Filled	100.0
Medicine-Anesthesiology	2021	PGY1	MD Senior % Filled	100.0
Medicine-Anesthesiology	2021	PGY1	Total % Filled	100.0
Medicine-Anesthesiology	2022	PGY1	MD Senior % Filled	66.7
Medicine-Anesthesiology	2022	PGY1	Total % Filled	100.0
Medicine-Dermatology	2012	PGY1	MD Senior % Filled	88.9
Medicine-Dermatology	2012	PGY1	Total % Filled	88.9
Medicine-Dermatology	2013	PGY1	MD Senior % Filled	87.5
Medicine-Dermatology	2013	PGY1	Total % Filled	100.0
Medicine-Dermatology	2014	PGY1	MD Senior % Filled	100.0
Medicine-Dermatology	2014	PGY1	Total % Filled	100.0
Medicine-Dermatology	2015	PGY1	MD Senior % Filled	100.0
Medicine-Dermatology	2015	PGY1	Total % Filled	100.0
Medicine-Dermatology	2016	PGY1	MD Senior % Filled	100.0
Medicine-Dermatology	2016	PGY1	Total % Filled	100.0
Medicine-Dermatology	2017	PGY1	MD Senior % Filled	100.0
Medicine-Dermatology	2017	PGY1	Total % Filled	100.0
Medicine-Dermatology	2018	PGY1	MD Senior % Filled	83.3
Medicine-Dermatology	2018	PGY1	Total % Filled	83.3
Medicine-Dermatology	2019	PGY1	MD Senior % Filled	85.7
Medicine-Dermatology	2019	PGY1	Total % Filled	100.0
Medicine-Dermatology	2020	PGY1	MD Senior % Filled	83.3
Medicine-Dermatology	2020	PGY1	Total % Filled	83.3
Medicine-Dermatology	2021	PGY1	MD Senior % Filled	87.5
Medicine-Dermatology	2021	PGY1	Total % Filled	87.5
Medicine-Dermatology	2022	PGY1	MD Senior % Filled	87.5
Medicine-Dermatology	2022	PGY1	Total % Filled	100.0
Medicine-Emergency Med	2012	PGY1	MD Senior % Filled	65.4
Medicine-Emergency Med	2012	PGY1	Total % Filled	84.6
Medicine-Emergency Med	2013	PGY1	MD Senior % Filled	85.2
Medicine-Emergency Med	2013	PGY1	Total % Filled	100.0
Medicine-Emergency Med	2014	PGY1	MD Senior % Filled	85.7
Medicine-Emergency Med	2014	PGY1	Total % Filled	100.0
Medicine-Emergency Med	2015	PGY1	MD Senior % Filled	82.1
Medicine-Emergency Med	2015	PGY1	Total % Filled	96.4
Medicine-Emergency Med	2016	PGY1	MD Senior % Filled	82.8
Medicine-Emergency Med	2016	PGY1	Total % Filled	93.1
Medicine-Emergency Med	2017	PGY1	MD Senior % Filled	80.8
Medicine-Emergency Med	2017	PGY1	Total % Filled	100.0
Medicine-Emergency Med	2018	PGY1	MD Senior % Filled	84.6
Medicine-Emergency Med	2018	PGY1	Total % Filled	100.0
Medicine-Emergency Med	2019	PGY1	MD Senior % Filled	76.9
Medicine-Emergency Med	2019	PGY1	Total % Filled	100.0
Medicine-Emergency Med	2020	PGY1	MD Senior % Filled	63.3
Medicine-Emergency Med	2020	PGY1	Total % Filled	100.0
Medicine-Emergency Med	2021	PGY1	MD Senior % Filled	61.3
Medicine-Emergency Med	2021	PGY1	Total % Filled	100.0
Medicine-Emergency Med	2022	PGY1	MD Senior % Filled	71.0
Medicine-Emergency Med	2022	PGY1	Total % Filled	100.0
Medicine-Family Medicine	2012	PGY1	MD Senior % Filled	50.0
Medicine-Family Medicine	2012	PGY1	Total % Filled	100.0
Medicine-Family Medicine	2013	PGY1	MD Senior % Filled	50.0
Medicine-Family Medicine	2013	PGY1	Total % Filled	100.0
Medicine-Family Medicine	2014	PGY1	MD Senior % Filled	75.0
Medicine-Family Medicine	2014	PGY1	Total % Filled	100.0
Medicine-Family Medicine	2015	PGY1	MD Senior % Filled	50.0
Medicine-Family Medicine	2015	PGY1	Total % Filled	100.0
Medicine-Family Medicine	2016	PGY1	MD Senior % Filled	100.0
Medicine-Family Medicine	2016	PGY1	Total % Filled	100.0
Medicine-Family Medicine	2017	PGY1	MD Senior % Filled	100.0
Medicine-Family Medicine	2017	PGY1	Total % Filled	100.0
Medicine-Family Medicine	2018	PGY1	MD Senior % Filled	100.0
Medicine-Family Medicine	2018	PGY1	Total % Filled	100.0
Medicine-Medical Genetics	2012	PGY1	MD Senior % Filled	100.0
Medicine-Medical Genetics	2012	PGY1	Total % Filled	100.0
Medicine-Medical Genetics	2013	PGY1	MD Senior % Filled	50.0
Medicine-Medical Genetics	2013	PGY1	Total % Filled	50.0
Medicine-Medical Genetics	2014	PGY1	MD Senior % Filled	0.0
Medicine-Medical Genetics	2014	PGY1	Total % Filled	0.0
Medicine-Medical Genetics	2015	PGY1	MD Senior % Filled	50.0
Medicine-Medical Genetics	2015	PGY1	Total % Filled	100.0
Medicine-Medical Genetics	2016	PGY1	MD Senior % Filled	0.0
Medicine-Medical Genetics	2016	PGY1	Total % Filled	0.0
Medicine-Medical Genetics	2017	PGY1	MD Senior % Filled	50.0
Medicine-Medical Genetics	2017	PGY1	Total % Filled	50.0
Medicine-Medical Genetics	2018	PGY1	MD Senior % Filled	100.0
Medicine-Medical Genetics	2018	PGY1	Total % Filled	100.0
Medicine-Medical Genetics	2019	PGY1	MD Senior % Filled	33.3
Medicine-Medical Genetics	2019	PGY1	Total % Filled	33.3
Medicine-Medical Genetics	2020	PGY1	MD Senior % Filled	50.0
Medicine-Medical Genetics	2020	PGY1	Total % Filled	75.0
Medicine-Medical Genetics	2021	PGY1	MD Senior % Filled	75.0
Medicine-Medical Genetics	2021	PGY1	Total % Filled	100.0
Medicine-Medical Genetics	2022	PGY1	MD Senior % Filled	60.0
Medicine-Medical Genetics	2022	PGY1	Total % Filled	60.0
Medicine-Neurology	2012	PGY1	MD Senior % Filled	100.0
Medicine-Neurology	2012	PGY1	Total % Filled	100.0
Medicine-Neurology	2013	PGY1	MD Senior % Filled	0.0
Medicine-Neurology	2013	PGY1	Total % Filled	50.0
Medicine-Neurology	2014	PGY1	MD Senior % Filled	100.0
Medicine-Neurology	2014	PGY1	Total % Filled	100.0
Medicine-Neurology	2015	PGY1	MD Senior % Filled	0.0
Medicine-Neurology	2015	PGY1	Total % Filled	0.0
Medicine-Pediatrics	2012	PGY1	MD Senior % Filled	76.2
Medicine-Pediatrics	2012	PGY1	Total % Filled	95.0
Medicine-Pediatrics	2013	PGY1	MD Senior % Filled	85.2
Medicine-Pediatrics	2013	PGY1	Total % Filled	99.2
Medicine-Pediatrics	2014	PGY1	MD Senior % Filled	75.9
Medicine-Pediatrics	2014	PGY1	Total % Filled	96.8
Medicine-Pediatrics	2015	PGY1	MD Senior % Filled	83.9
Medicine-Pediatrics	2015	PGY1	Total % Filled	99.7
Medicine-Pediatrics	2016	PGY1	MD Senior % Filled	85.2
Medicine-Pediatrics	2016	PGY1	Total % Filled	99.5
Medicine-Pediatrics	2017	PGY1	MD Senior % Filled	76.4
Medicine-Pediatrics	2017	PGY1	Total % Filled	93.4
Medicine-Pediatrics	2018	PGY1	MD Senior % Filled	80.1
Medicine-Pediatrics	2018	PGY1	Total % Filled	98.7
Medicine-Pediatrics	2019	PGY1	MD Senior % Filled	80.8
Medicine-Pediatrics	2019	PGY1	Total % Filled	98.2
Medicine-Pediatrics	2020	PGY1	MD Senior % Filled	81.0
Medicine-Pediatrics	2020	PGY1	Total % Filled	97.7
Medicine-Pediatrics	2021	PGY1	MD Senior % Filled	81.3
Medicine-Pediatrics	2021	PGY1	Total % Filled	100.0
Medicine-Pediatrics	2022	PGY1	MD Senior % Filled	84.7
Medicine-Pediatrics	2022	PGY1	Total % Filled	100.0
Medicine-Preliminary (PGY-1 Only)	2012	PGY1	MD Senior % Filled	76.7
Medicine-Preliminary (PGY-1 Only)	2012	PGY1	Total % Filled	93.4
Medicine-Preliminary (PGY-1 Only)	2013	PGY1	MD Senior % Filled	75.9
Medicine-Preliminary (PGY-1 Only)	2013	PGY1	Total % Filled	96.1
Medicine-Preliminary (PGY-1 Only)	2014	PGY1	MD Senior % Filled	77.5
Medicine-Preliminary (PGY-1 Only)	2014	PGY1	Total % Filled	95.8
Medicine-Preliminary (PGY-1 Only)	2015	PGY1	MD Senior % Filled	72.0
Medicine-Preliminary (PGY-1 Only)	2015	PGY1	Total % Filled	93.6
Medicine-Preliminary (PGY-1 Only)	2016	PGY1	MD Senior % Filled	73.8
Medicine-Preliminary (PGY-1 Only)	2016	PGY1	Total % Filled	94.8
Medicine-Preliminary (PGY-1 Only)	2017	PGY1	MD Senior % Filled	75.0
Medicine-Preliminary (PGY-1 Only)	2017	PGY1	Total % Filled	96.2
Medicine-Preliminary (PGY-1 Only)	2018	PGY1	MD Senior % Filled	72.8
Medicine-Preliminary (PGY-1 Only)	2018	PGY1	Total % Filled	93.6
Medicine-Preliminary (PGY-1 Only)	2019	PGY1	MD Senior % Filled	69.8
Medicine-Preliminary (PGY-1 Only)	2019	PGY1	Total % Filled	92.4
Medicine-Preliminary (PGY-1 Only)	2020	PGY1	MD Senior % Filled	68.7
Medicine-Preliminary (PGY-1 Only)	2020	PGY1	Total % Filled	92.0
Medicine-Preliminary (PGY-1 Only)	2021	PGY1	MD Senior % Filled	66.0
Medicine-Preliminary (PGY-1 Only)	2021	PGY1	Total % Filled	89.4
Medicine-Preliminary (PGY-1 Only)	2022	PGY1	MD Senior % Filled	71.1
Medicine-Preliminary (PGY-1 Only)	2022	PGY1	Total % Filled	91.5
Medicine-Preventive Med	2012	PGY1	MD Senior % Filled	40.0
Medicine-Preventive Med	2012	PGY1	Total % Filled	80.0
Medicine-Preventive Med	2013	PGY1	MD Senior % Filled	42.9
Medicine-Preventive Med	2013	PGY1	Total % Filled	100.0
Medicine-Preventive Med	2014	PGY1	MD Senior % Filled	28.6
Medicine-Preventive Med	2014	PGY1	Total % Filled	100.0
Medicine-Preventive Med	2015	PGY1	MD Senior % Filled	57.1
Medicine-Preventive Med	2015	PGY1	Total % Filled	100.0
Medicine-Preventive Med	2016	PGY1	MD Senior % Filled	42.9
Medicine-Preventive Med	2016	PGY1	Total % Filled	85.7
Medicine-Preventive Med	2017	PGY1	MD Senior % Filled	25.0
Medicine-Preventive Med	2017	PGY1	Total % Filled	75.0
Medicine-Preventive Med	2018	PGY1	MD Senior % Filled	66.7
Medicine-Preventive Med	2018	PGY1	Total % Filled	100.0
Medicine-Preventive Med	2019	PGY1	MD Senior % Filled	33.3
Medicine-Preventive Med	2019	PGY1	Total % Filled	100.0
Medicine-Preventive Med	2020	PGY1	MD Senior % Filled	57.1
Medicine-Preventive Med	2020	PGY1	Total % Filled	100.0
Medicine-Preventive Med	2021	PGY1	MD Senior % Filled	40.0
Medicine-Preventive Med	2021	PGY1	Total % Filled	100.0
Medicine-Preventive Med	2022	PGY1	MD Senior % Filled	62.5
Medicine-Preventive Med	2022	PGY1	Total % Filled	100.0
Medicine-Primary	2012	PGY1	MD Senior % Filled	59.8
Medicine-Primary	2012	PGY1	Total % Filled	96.5
Medicine-Primary	2013	PGY1	MD Senior % Filled	59.7
Medicine-Primary	2013	PGY1	Total % Filled	98.8
Medicine-Primary	2014	PGY1	MD Senior % Filled	60.3
Medicine-Primary	2014	PGY1	Total % Filled	99.4
Medicine-Primary	2015	PGY1	MD Senior % Filled	60.4
Medicine-Primary	2015	PGY1	Total % Filled	99.4
Medicine-Primary	2016	PGY1	MD Senior % Filled	64.0
Medicine-Primary	2016	PGY1	Total % Filled	99.1
Medicine-Primary	2017	PGY1	MD Senior % Filled	65.7
Medicine-Primary	2017	PGY1	Total % Filled	100.0
Medicine-Primary	2018	PGY1	MD Senior % Filled	61.2
Medicine-Primary	2018	PGY1	Total % Filled	99.5
Medicine-Primary	2019	PGY1	MD Senior % Filled	60.4
Medicine-Primary	2019	PGY1	Total % Filled	97.5
Medicine-Primary	2020	PGY1	MD Senior % Filled	57.4
Medicine-Primary	2020	PGY1	Total % Filled	98.4
Medicine-Primary	2021	PGY1	MD Senior % Filled	56.9
Medicine-Primary	2021	PGY1	Total % Filled	99.1
Medicine-Primary	2022	PGY1	MD Senior % Filled	57.8
Medicine-Primary	2022	PGY1	Total % Filled	98.8
Medicine-Psychiatry	2012	PGY1	MD Senior % Filled	60.0
Medicine-Psychiatry	2012	PGY1	Total % Filled	90.0
Medicine-Psychiatry	2013	PGY1	MD Senior % Filled	70.6
Medicine-Psychiatry	2013	PGY1	Total % Filled	94.1
Medicine-Psychiatry	2014	PGY1	MD Senior % Filled	55.6
Medicine-Psychiatry	2014	PGY1	Total % Filled	88.9
Medicine-Psychiatry	2015	PGY1	MD Senior % Filled	61.9
Medicine-Psychiatry	2015	PGY1	Total % Filled	100.0
Medicine-Psychiatry	2016	PGY1	MD Senior % Filled	82.6
Medicine-Psychiatry	2016	PGY1	Total % Filled	100.0
Medicine-Psychiatry	2017	PGY1	MD Senior % Filled	62.5
Medicine-Psychiatry	2017	PGY1	Total % Filled	100.0
Medicine-Psychiatry	2018	PGY1	MD Senior % Filled	83.3
Medicine-Psychiatry	2018	PGY1	Total % Filled	100.0
Medicine-Psychiatry	2019	PGY1	MD Senior % Filled	78.3
Medicine-Psychiatry	2019	PGY1	Total % Filled	100.0
Medicine-Psychiatry	2020	PGY1	MD Senior % Filled	78.3
Medicine-Psychiatry	2020	PGY1	Total % Filled	100.0
Medicine-Psychiatry	2021	PGY1	MD Senior % Filled	91.7
Medicine-Psychiatry	2021	PGY1	Total % Filled	100.0
Medicine-Psychiatry	2022	PGY1	MD Senior % Filled	83.3
Medicine-Psychiatry	2022	PGY1	Total % Filled	100.0
Neurodevelopmental Disabilities	2012	PGY1	MD Senior % Filled	0.0
Neurodevelopmental Disabilities	2012	PGY1	Total % Filled	33.3
Neurodevelopmental Disabilities	2013	PGY1	MD Senior % Filled	33.3
Neurodevelopmental Disabilities	2013	PGY1	Total % Filled	66.7
Neurodevelopmental Disabilities	2014	PGY1	MD Senior % Filled	0.0
Neurodevelopmental Disabilities	2014	PGY1	Total % Filled	0.0
Neurodevelopmental Disabilities	2015	PGY1	MD Senior % Filled	0.0
Neurodevelopmental Disabilities	2015	PGY1	Total % Filled	100.0
Neurodevelopmental Disabilities	2016	PGY1	MD Senior % Filled	100.0
Neurodevelopmental Disabilities	2016	PGY1	Total % Filled	100.0
Neurodevelopmental Disabilities	2017	PGY1	MD Senior % Filled	100.0
Neurodevelopmental Disabilities	2017	PGY1	Total % Filled	100.0
Neurodevelopmental Disabilities	2018	PGY1	MD Senior % Filled	75.0
Neurodevelopmental Disabilities	2018	PGY1	Total % Filled	100.0
Neurodevelopmental Disabilities	2019	PGY1	MD Senior % Filled	75.0
Neurodevelopmental Disabilities	2019	PGY1	Total % Filled	100.0
Neurodevelopmental Disabilities	2020	PGY1	MD Senior % Filled	75.0
Neurodevelopmental Disabilities	2020	PGY1	Total % Filled	100.0
Neurodevelopmental Disabilities	2021	PGY1	MD Senior % Filled	50.0
Neurodevelopmental Disabilities	2021	PGY1	Total % Filled	100.0
Neurodevelopmental Disabilities	2022	PGY1	MD Senior % Filled	60.0
Neurodevelopmental Disabilities	2022	PGY1	Total % Filled	100.0
Neurodevelopmental Disabilities	2012	PGY2	MD Senior % Filled	85.7
Neurodevelopmental Disabilities	2012	PGY2	Total % Filled	85.7
Neurodevelopmental Disabilities	2013	PGY2	MD Senior % Filled	57.1
Neurodevelopmental Disabilities	2013	PGY2	Total % Filled	71.4
Neurodevelopmental Disabilities	2014	PGY2	MD Senior % Filled	60.0
Neurodevelopmental Disabilities	2014	PGY2	Total % Filled	100.0
Neurodevelopmental Disabilities	2015	PGY2	MD Senior % Filled	20.0
Neurodevelopmental Disabilities	2015	PGY2	Total % Filled	40.0
Neurodevelopmental Disabilities	2016	PGY2	MD Senior % Filled	0.0
Neurodevelopmental Disabilities	2016	PGY2	Total % Filled	0.0
Neurodevelopmental Disabilities	2017	PGY2	MD Senior % Filled	75.0
Neurodevelopmental Disabilities	2017	PGY2	Total % Filled	75.0
Neurodevelopmental Disabilities	2018	PGY2	MD Senior % Filled	50.0
Neurodevelopmental Disabilities	2018	PGY2	Total % Filled	50.0
Neurodevelopmental Disabilities	2019	PGY2	MD Senior % Filled	40.0
Neurodevelopmental Disabilities	2019	PGY2	Total % Filled	60.0
Neurodevelopmental Disabilities	2020	PGY2	MD Senior % Filled	33.3
Neurodevelopmental Disabilities	2020	PGY2	Total % Filled	33.3
Neurodevelopmental Disabilities	2021	PGY2	MD Senior % Filled	25.0
Neurodevelopmental Disabilities	2021	PGY2	Total % Filled	50.0
Neurodevelopmental Disabilities	2022	PGY2	MD Senior % Filled	100.0
Neurodevelopmental Disabilities	2022	PGY2	Total % Filled	100.0
Neurological Surgery	2012	PGY1	MD Senior % Filled	86.7
Neurological Surgery	2012	PGY1	Total % Filled	99.0
Neurological Surgery	2013	PGY1	MD Senior % Filled	93.1
Neurological Surgery	2013	PGY1	Total % Filled	99.5
Neurological Surgery	2014	PGY1	MD Senior % Filled	91.7
Neurological Surgery	2014	PGY1	Total % Filled	100.0
Neurological Surgery	2015	PGY1	MD Senior % Filled	89.5
Neurological Surgery	2015	PGY1	Total % Filled	99.0
Neurological Surgery	2016	PGY1	MD Senior % Filled	92.6
Neurological Surgery	2016	PGY1	Total % Filled	99.1
Neurological Surgery	2017	PGY1	MD Senior % Filled	83.9
Neurological Surgery	2017	PGY1	Total % Filled	100.0
Neurological Surgery	2018	PGY1	MD Senior % Filled	90.2
Neurological Surgery	2018	PGY1	Total % Filled	100.0
Neurological Surgery	2019	PGY1	MD Senior % Filled	91.8
Neurological Surgery	2019	PGY1	Total % Filled	99.6
Neurological Surgery	2020	PGY1	MD Senior % Filled	87.5
Neurological Surgery	2020	PGY1	Total % Filled	100.0
Neurological Surgery	2021	PGY1	MD Senior % Filled	84.6
Neurological Surgery	2021	PGY1	Total % Filled	100.0
Neurological Surgery	2022	PGY1	MD Senior % Filled	84.2
Neurological Surgery	2022	PGY1	Total % Filled	100.0
Neurology	2012	PGY1	MD Senior % Filled	59.2
Neurology	2012	PGY1	Total % Filled	99.0
Neurology	2013	PGY1	MD Senior % Filled	47.6
Neurology	2013	PGY1	Total % Filled	95.6
Neurology	2014	PGY1	MD Senior % Filled	50.5
Neurology	2014	PGY1	Total % Filled	98.2
Neurology	2015	PGY1	MD Senior % Filled	55.0
Neurology	2015	PGY1	Total % Filled	98.0
Neurology	2016	PGY1	MD Senior % Filled	53.3
Neurology	2016	PGY1	Total % Filled	99.3
Neurology	2017	PGY1	MD Senior % Filled	50.6
Neurology	2017	PGY1	Total % Filled	97.4
Neurology	2018	PGY1	MD Senior % Filled	50.7
Neurology	2018	PGY1	Total % Filled	97.6
Neurology	2019	PGY1	MD Senior % Filled	46.0
Neurology	2019	PGY1	Total % Filled	96.3
Neurology	2020	PGY1	MD Senior % Filled	46.5
Neurology	2020	PGY1	Total % Filled	97.5
Neurology	2021	PGY1	MD Senior % Filled	50.1
Neurology	2021	PGY1	Total % Filled	98.2
Neurology	2022	PGY1	MD Senior % Filled	50.9
Neurology	2022	PGY1	Total % Filled	98.6
Neurology	2012	PGY2	MD Senior % Filled	52.3
Neurology	2012	PGY2	Total % Filled	94.2
Neurology	2013	PGY2	MD Senior % Filled	57.1
Neurology	2013	PGY2	Total % Filled	96.7
Neurology	2014	PGY2	MD Senior % Filled	60.9
Neurology	2014	PGY2	Total % Filled	96.3
Neurology	2015	PGY2	MD Senior % Filled	60.7
Neurology	2015	PGY2	Total % Filled	97.1
Neurology	2016	PGY2	MD Senior % Filled	66.1
Neurology	2016	PGY2	Total % Filled	98.0
Neurology	2017	PGY2	MD Senior % Filled	62.9
Neurology	2017	PGY2	Total % Filled	96.6
Neurology	2018	PGY2	MD Senior % Filled	66.2
Neurology	2018	PGY2	Total % Filled	98.6
Neurology	2019	PGY2	MD Senior % Filled	62.3
Neurology	2019	PGY2	Total % Filled	94.7
Neurology	2020	PGY2	MD Senior % Filled	60.7
Neurology	2020	PGY2	Total % Filled	98.4
Neurology	2021	PGY2	MD Senior % Filled	65.7
Neurology	2021	PGY2	Total % Filled	99.6
Neurology	2022	PGY2	MD Senior % Filled	70.8
Neurology	2022	PGY2	Total % Filled	99.6
Nuclear Medicine	2013	PGY1	MD Senior % Filled	0.0
Nuclear Medicine	2013	PGY1	Total % Filled	0.0
Nuclear Medicine	2012	PGY2	MD Senior % Filled	0
Nuclear Medicine	2012	PGY2	Total % Filled	75
Nuclear Medicine	2013	PGY2	MD Senior % Filled	0.0
Nuclear Medicine	2013	PGY2	Total % Filled	60.0
Nuclear Medicine	2014	PGY2	MD Senior % Filled	0.0
Nuclear Medicine	2014	PGY2	Total % Filled	50.0
Nuclear Medicine	2015	PGY2	MD Senior % Filled	0.0
Nuclear Medicine	2015	PGY2	Total % Filled	33.3
Nuclear Medicine	2016	PGY2	MD Senior % Filled	0.0
Nuclear Medicine	2016	PGY2	Total % Filled	33.3
Nuclear Medicine	2017	PGY2	MD Senior % Filled	0.0
Nuclear Medicine	2017	PGY2	Total % Filled	100.0
Nuclear Medicine	2018	PGY2	MD Senior % Filled	0.0
Nuclear Medicine	2018	PGY2	Total % Filled	100.0
Nuclear Medicine	2020	PGY2	MD Senior % Filled	0.0
Nuclear Medicine	2020	PGY2	Total % Filled	0.0
Nuclear Medicine	2021	PGY2	MD Senior % Filled	0.0
Nuclear Medicine	2021	PGY2	Total % Filled	0.0
Nuclear Medicine	2022	PGY2	MD Senior % Filled	0.0
Nuclear Medicine	2022	PGY2	Total % Filled	0.0
OB/GYN-Preliminary (PGY-1 Only)	2014	PGY1	MD Senior % Filled	18.2
OB/GYN-Preliminary (PGY-1 Only)	2014	PGY1	Total % Filled	59.1
OB/GYN-Preliminary (PGY-1 Only)	2015	PGY1	MD Senior % Filled	14.3
OB/GYN-Preliminary (PGY-1 Only)	2015	PGY1	Total % Filled	66.7
OB/GYN-Preliminary (PGY-1 Only)	2016	PGY1	MD Senior % Filled	18.2
OB/GYN-Preliminary (PGY-1 Only)	2016	PGY1	Total % Filled	50.0
OB/GYN-Preliminary (PGY-1 Only)	2017	PGY1	MD Senior % Filled	26.1
OB/GYN-Preliminary (PGY-1 Only)	2017	PGY1	Total % Filled	60.9
OB/GYN-Preliminary (PGY-1 Only)	2018	PGY1	MD Senior % Filled	28.6
OB/GYN-Preliminary (PGY-1 Only)	2018	PGY1	Total % Filled	52.4
OB/GYN-Preliminary (PGY-1 Only)	2019	PGY1	MD Senior % Filled	22.2
OB/GYN-Preliminary (PGY-1 Only)	2019	PGY1	Total % Filled	50.0
OB/GYN-Preliminary (PGY-1 Only)	2020	PGY1	MD Senior % Filled	16.7
OB/GYN-Preliminary (PGY-1 Only)	2020	PGY1	Total % Filled	50.0
OB/GYN-Preliminary (PGY-1 Only)	2021	PGY1	MD Senior % Filled	33.3
OB/GYN-Preliminary (PGY-1 Only)	2021	PGY1	Total % Filled	66.7
OB/GYN-Preliminary (PGY-1 Only)	2022	PGY1	MD Senior % Filled	22.2
OB/GYN-Preliminary (PGY-1 Only)	2022	PGY1	Total % Filled	50.0
Obstetrics-Gynecology	2012	PGY1	MD Senior % Filled	73.6
Obstetrics-Gynecology	2012	PGY1	Total % Filled	98.6
Obstetrics-Gynecology	2013	PGY1	MD Senior % Filled	75.0
Obstetrics-Gynecology	2013	PGY1	Total % Filled	99.1
Obstetrics-Gynecology	2014	PGY1	MD Senior % Filled	76.5
Obstetrics-Gynecology	2014	PGY1	Total % Filled	99.4
Obstetrics-Gynecology	2015	PGY1	MD Senior % Filled	79.8
Obstetrics-Gynecology	2015	PGY1	Total % Filled	100.0
Obstetrics-Gynecology	2016	PGY1	MD Senior % Filled	77.5
Obstetrics-Gynecology	2016	PGY1	Total % Filled	99.4
Obstetrics-Gynecology	2017	PGY1	MD Senior % Filled	81.4
Obstetrics-Gynecology	2017	PGY1	Total % Filled	100.0
Obstetrics-Gynecology	2018	PGY1	MD Senior % Filled	78.7
Obstetrics-Gynecology	2018	PGY1	Total % Filled	99.6
Obstetrics-Gynecology	2019	PGY1	MD Senior % Filled	75.2
Obstetrics-Gynecology	2019	PGY1	Total % Filled	99.8
Obstetrics-Gynecology	2020	PGY1	MD Senior % Filled	75.5
Obstetrics-Gynecology	2020	PGY1	Total % Filled	99.8
Obstetrics-Gynecology	2021	PGY1	MD Senior % Filled	74.5
Obstetrics-Gynecology	2021	PGY1	Total % Filled	99.8
Obstetrics-Gynecology	2022	PGY1	MD Senior % Filled	73.6
Obstetrics-Gynecology	2022	PGY1	Total % Filled	99.7
Orthopedic Surgery	2012	PGY1	MD Senior % Filled	94.0
Orthopedic Surgery	2012	PGY1	Total % Filled	100.0
Orthopedic Surgery	2013	PGY1	MD Senior % Filled	91.8
Orthopedic Surgery	2013	PGY1	Total % Filled	99.9
Orthopedic Surgery	2014	PGY1	MD Senior % Filled	93.4
Orthopedic Surgery	2014	PGY1	Total % Filled	99.7
Orthopedic Surgery	2015	PGY1	MD Senior % Filled	94.3
Orthopedic Surgery	2015	PGY1	Total % Filled	100.0
Orthopedic Surgery	2016	PGY1	MD Senior % Filled	90.7
Orthopedic Surgery	2016	PGY1	Total % Filled	100.0
Orthopedic Surgery	2017	PGY1	MD Senior % Filled	91.9
Orthopedic Surgery	2017	PGY1	Total % Filled	99.9
Orthopedic Surgery	2018	PGY1	MD Senior % Filled	93.1
Orthopedic Surgery	2018	PGY1	Total % Filled	99.5
Orthopedic Surgery	2019	PGY1	MD Senior % Filled	91.8
Orthopedic Surgery	2019	PGY1	Total % Filled	99.6
Orthopedic Surgery	2020	PGY1	MD Senior % Filled	80.8
Orthopedic Surgery	2020	PGY1	Total % Filled	99.4
Orthopedic Surgery	2021	PGY1	MD Senior % Filled	80.5
Orthopedic Surgery	2021	PGY1	Total % Filled	99.8
Orthopedic Surgery	2022	PGY1	MD Senior % Filled	80.6
Orthopedic Surgery	2022	PGY1	Total % Filled	100.0
Osteo Neuromusculoskeletal Med	2018	PGY1	MD Senior % Filled	0.0
Osteo Neuromusculoskeletal Med	2018	PGY1	Total % Filled	100.0
Osteo Neuromusculoskeletal Med	2019	PGY1	MD Senior % Filled	0.0
Osteo Neuromusculoskeletal Med	2019	PGY1	Total % Filled	0.0
Osteo Neuromusculoskeletal Med	2020	PGY1	MD Senior % Filled	0.0
Osteo Neuromusculoskeletal Med	2020	PGY1	Total % Filled	80.0
Osteo Neuromusculoskeletal Med	2021	PGY1	MD Senior % Filled	0.0
Osteo Neuromusculoskeletal Med	2021	PGY1	Total % Filled	25.0
Osteo Neuromusculoskeletal Med	2022	PGY1	MD Senior % Filled	0.0
Osteo Neuromusculoskeletal Med	2022	PGY1	Total % Filled	81.3
Osteo Neuromusculoskeletal Med	2019	PGY2	MD Senior % Filled	0.0
Osteo Neuromusculoskeletal Med	2019	PGY2	Total % Filled	75.0
Osteo Neuromusculoskeletal Med	2020	PGY2	MD Senior % Filled	0.0
Osteo Neuromusculoskeletal Med	2020	PGY2	Total % Filled	28.6
Osteo Neuromusculoskeletal Med	2021	PGY2	MD Senior % Filled	0.0
Osteo Neuromusculoskeletal Med	2021	PGY2	Total % Filled	42.9
Osteo Neuromusculoskeletal Med	2022	PGY2	MD Senior % Filled	0.0
Osteo Neuromusculoskeletal Med	2022	PGY2	Total % Filled	100.0
Otolaryngology	2012	PGY1	MD Senior % Filled	97.2
Otolaryngology	2012	PGY1	Total % Filled	99.3
Otolaryngology	2013	PGY1	MD Senior % Filled	94.5
Otolaryngology	2013	PGY1	Total % Filled	99.3
Otolaryngology	2014	PGY1	MD Senior % Filled	94.6
Otolaryngology	2014	PGY1	Total % Filled	100.0
Otolaryngology	2015	PGY1	MD Senior % Filled	94.6
Otolaryngology	2015	PGY1	Total % Filled	99.7
Otolaryngology	2016	PGY1	MD Senior % Filled	89.5
Otolaryngology	2016	PGY1	Total % Filled	99.3
Otolaryngology	2017	PGY1	MD Senior % Filled	91.5
Otolaryngology	2017	PGY1	Total % Filled	95.4
Otolaryngology	2018	PGY1	MD Senior % Filled	90.2
Otolaryngology	2018	PGY1	Total % Filled	96.2
Otolaryngology	2019	PGY1	MD Senior % Filled	93.9
Otolaryngology	2019	PGY1	Total % Filled	100.0
Otolaryngology	2020	PGY1	MD Senior % Filled	88.6
Otolaryngology	2020	PGY1	Total % Filled	99.4
Otolaryngology	2021	PGY1	MD Senior % Filled	88.6
Otolaryngology	2021	PGY1	Total % Filled	100.0
Otolaryngology	2022	PGY1	MD Senior % Filled	87.5
Otolaryngology	2022	PGY1	Total % Filled	100.0
Pathology	2012	PGY1	MD Senior % Filled	50.3
Pathology	2012	PGY1	Total % Filled	89.4
Pathology	2013	PGY1	MD Senior % Filled	45.1
Pathology	2013	PGY1	Total % Filled	96.4
Pathology	2014	PGY1	MD Senior % Filled	42.9
Pathology	2014	PGY1	Total % Filled	91.5
Pathology	2015	PGY1	MD Senior % Filled	46.6
Pathology	2015	PGY1	Total % Filled	93.9
Pathology	2016	PGY1	MD Senior % Filled	42.8
Pathology	2016	PGY1	Total % Filled	94.8
Pathology	2017	PGY1	MD Senior % Filled	35.9
Pathology	2017	PGY1	Total % Filled	90.7
Pathology	2018	PGY1	MD Senior % Filled	36.6
Pathology	2018	PGY1	Total % Filled	94.5
Pathology	2019	PGY1	MD Senior % Filled	33.4
Pathology	2019	PGY1	Total % Filled	94.7
Pathology	2020	PGY1	MD Senior % Filled	33.8
Pathology	2020	PGY1	Total % Filled	97.3
Pathology	2021	PGY1	MD Senior % Filled	32.4
Pathology	2021	PGY1	Total % Filled	96.4
Pathology	2022	PGY1	MD Senior % Filled	36.6
Pathology	2022	PGY1	Total % Filled	98.1
Pediatrice-Emergency Med	2018	PGY1	MD Senior % Filled	50.0
Pediatrice-Emergency Med	2018	PGY1	Total % Filled	100.0
Pediatrics (Categorical)	2012	PGY1	MD Senior % Filled	70.0
Pediatrics (Categorical)	2012	PGY1	Total % Filled	98.7
Pediatrics (Categorical)	2013	PGY1	MD Senior % Filled	70.2
Pediatrics (Categorical)	2013	PGY1	Total % Filled	99.6
Pediatrics (Categorical)	2014	PGY1	MD Senior % Filled	68.9
Pediatrics (Categorical)	2014	PGY1	Total % Filled	99.5
Pediatrics (Categorical)	2015	PGY1	MD Senior % Filled	70.8
Pediatrics (Categorical)	2015	PGY1	Total % Filled	99.5
Pediatrics (Categorical)	2016	PGY1	MD Senior % Filled	68.0
Pediatrics (Categorical)	2016	PGY1	Total % Filled	99.5
Pediatrics (Categorical)	2017	PGY1	MD Senior % Filled	67.5
Pediatrics (Categorical)	2017	PGY1	Total % Filled	98.4
Pediatrics (Categorical)	2018	PGY1	MD Senior % Filled	63.1
Pediatrics (Categorical)	2018	PGY1	Total % Filled	97.9
Pediatrics (Categorical)	2019	PGY1	MD Senior % Filled	60.2
Pediatrics (Categorical)	2019	PGY1	Total % Filled	97.6
Pediatrics (Categorical)	2020	PGY1	MD Senior % Filled	60.4
Pediatrics (Categorical)	2020	PGY1	Total % Filled	98.2
Pediatrics (Categorical)	2021	PGY1	MD Senior % Filled	60.3
Pediatrics (Categorical)	2021	PGY1	Total % Filled	98.6
Pediatrics (Categorical)	2022	PGY1	MD Senior % Filled	56.5
Pediatrics (Categorical)	2022	PGY1	Total % Filled	97.2
Pediatrics-Anesthesiology	2012	PGY1	MD Senior % Filled	100.0
Pediatrics-Anesthesiology	2012	PGY1	Total % Filled	100.0
Pediatrics-Anesthesiology	2013	PGY1	MD Senior % Filled	87.5
Pediatrics-Anesthesiology	2013	PGY1	Total % Filled	87.5
Pediatrics-Anesthesiology	2014	PGY1	MD Senior % Filled	87.5
Pediatrics-Anesthesiology	2014	PGY1	Total % Filled	87.5
Pediatrics-Anesthesiology	2015	PGY1	MD Senior % Filled	100.0
Pediatrics-Anesthesiology	2015	PGY1	Total % Filled	100.0
Pediatrics-Anesthesiology	2016	PGY1	MD Senior % Filled	75.0
Pediatrics-Anesthesiology	2016	PGY1	Total % Filled	87.5
Pediatrics-Anesthesiology	2017	PGY1	MD Senior % Filled	77.8
Pediatrics-Anesthesiology	2017	PGY1	Total % Filled	88.9
Pediatrics-Anesthesiology	2018	PGY1	MD Senior % Filled	85.7
Pediatrics-Anesthesiology	2018	PGY1	Total % Filled	100.0
Pediatrics-Anesthesiology	2019	PGY1	MD Senior % Filled	85.7
Pediatrics-Anesthesiology	2019	PGY1	Total % Filled	100.0
Pediatrics-Anesthesiology	2020	PGY1	MD Senior % Filled	100.0
Pediatrics-Anesthesiology	2020	PGY1	Total % Filled	100.0
Pediatrics-Anesthesiology	2021	PGY1	MD Senior % Filled	100.0
Pediatrics-Anesthesiology	2021	PGY1	Total % Filled	100.0
Pediatrics-Anesthesiology	2022	PGY1	MD Senior % Filled	100.0
Pediatrics-Anesthesiology	2022	PGY1	Total % Filled	100.0
Pediatrics-Emergency Med	2012	PGY1	MD Senior % Filled	85.7
Pediatrics-Emergency Med	2012	PGY1	Total % Filled	100.0
Pediatrics-Emergency Med	2013	PGY1	MD Senior % Filled	85.7
Pediatrics-Emergency Med	2013	PGY1	Total % Filled	100.0
Pediatrics-Emergency Med	2014	PGY1	MD Senior % Filled	44.4
Pediatrics-Emergency Med	2014	PGY1	Total % Filled	100.0
Pediatrics-Emergency Med	2015	PGY1	MD Senior % Filled	88.9
Pediatrics-Emergency Med	2015	PGY1	Total % Filled	100.0
Pediatrics-Emergency Med	2016	PGY1	MD Senior % Filled	100.0
Pediatrics-Emergency Med	2016	PGY1	Total % Filled	100.0
Pediatrics-Emergency Med	2017	PGY1	MD Senior % Filled	50.0
Pediatrics-Emergency Med	2017	PGY1	Total % Filled	90.0
Pediatrics-Emergency Med	2019	PGY1	MD Senior % Filled	75.0
Pediatrics-Emergency Med	2019	PGY1	Total % Filled	100.0
Pediatrics-Emergency Med	2020	PGY1	MD Senior % Filled	62.5
Pediatrics-Emergency Med	2020	PGY1	Total % Filled	100.0
Pediatrics-Emergency Med	2021	PGY1	MD Senior % Filled	87.5
Pediatrics-Emergency Med	2021	PGY1	Total % Filled	100.0
Pediatrics-Emergency Med	2022	PGY1	MD Senior % Filled	66.7
Pediatrics-Emergency Med	2022	PGY1	Total % Filled	100.0
Pediatrics-Medical Genetics	2012	PGY1	MD Senior % Filled	57.1
Pediatrics-Medical Genetics	2012	PGY1	Total % Filled	85.7
Pediatrics-Medical Genetics	2013	PGY1	MD Senior % Filled	66.7
Pediatrics-Medical Genetics	2013	PGY1	Total % Filled	66.7
Pediatrics-Medical Genetics	2014	PGY1	MD Senior % Filled	50.0
Pediatrics-Medical Genetics	2014	PGY1	Total % Filled	70.0
Pediatrics-Medical Genetics	2015	PGY1	MD Senior % Filled	80.0
Pediatrics-Medical Genetics	2015	PGY1	Total % Filled	100.0
Pediatrics-Medical Genetics	2016	PGY1	MD Senior % Filled	71.4
Pediatrics-Medical Genetics	2016	PGY1	Total % Filled	100.0
Pediatrics-Medical Genetics	2017	PGY1	MD Senior % Filled	53.3
Pediatrics-Medical Genetics	2017	PGY1	Total % Filled	86.7
Pediatrics-Medical Genetics	2018	PGY1	MD Senior % Filled	70.0
Pediatrics-Medical Genetics	2018	PGY1	Total % Filled	90.0
Pediatrics-Medical Genetics	2019	PGY1	MD Senior % Filled	66.7
Pediatrics-Medical Genetics	2019	PGY1	Total % Filled	76.2
Pediatrics-Medical Genetics	2020	PGY1	MD Senior % Filled	59.1
Pediatrics-Medical Genetics	2020	PGY1	Total % Filled	90.9
Pediatrics-Medical Genetics	2021	PGY1	MD Senior % Filled	70.4
Pediatrics-Medical Genetics	2021	PGY1	Total % Filled	92.6
Pediatrics-Medical Genetics	2022	PGY1	MD Senior % Filled	60.0
Pediatrics-Medical Genetics	2022	PGY1	Total % Filled	93.3
Pediatrics-P I M & R	2021	PGY1	MD Senior % Filled	100.0
Pediatrics-P I M & R	2021	PGY1	Total % Filled	100.0
Pediatrics-P M & R	2012	PGY1	MD Senior % Filled	100.0
Pediatrics-P M & R	2012	PGY1	Total % Filled	100.0
Pediatrics-P M & R	2013	PGY1	MD Senior % Filled	66.7
Pediatrics-P M & R	2013	PGY1	Total % Filled	100.0
Pediatrics-P M & R	2014	PGY1	MD Senior % Filled	66.7
Pediatrics-P M & R	2014	PGY1	Total % Filled	100.0
Pediatrics-P M & R	2015	PGY1	MD Senior % Filled	0.0
Pediatrics-P M & R	2015	PGY1	Total % Filled	100.0
Pediatrics-P M & R	2016	PGY1	MD Senior % Filled	75.0
Pediatrics-P M & R	2016	PGY1	Total % Filled	100.0
Pediatrics-P M & R	2017	PGY1	MD Senior % Filled	100.0
Pediatrics-P M & R	2017	PGY1	Total % Filled	100.0
Pediatrics-P M & R	2018	PGY1	MD Senior % Filled	100.0
Pediatrics-P M & R	2018	PGY1	Total % Filled	100.0
Pediatrics-P M & R	2019	PGY1	MD Senior % Filled	50.0
Pediatrics-P M & R	2019	PGY1	Total % Filled	75.0
Pediatrics-P M & R	2020	PGY1	MD Senior % Filled	50.0
Pediatrics-P M & R	2020	PGY1	Total % Filled	100.0
Pediatrics-PM& R	2022	PGY1	MD Senior % Filled	100.0
Pediatrics-PM& R	2022	PGY1	Total % Filled	100.0
Pediatrics-Prelim (PGY-1 Only)	2015	PGY1	MD Senior % Filled	58.3
Pediatrics-Prelim (PGY-1 Only)	2015	PGY1	Total % Filled	83.3
Pediatrics-Preliminary	2012	PGY1	MD Senior % Filled	78.2
Pediatrics-Preliminary	2012	PGY1	Total % Filled	87.3
Pediatrics-Preliminary	2013	PGY1	MD Senior % Filled	70.5
Pediatrics-Preliminary	2013	PGY1	Total % Filled	84.1
Pediatrics-Preliminary	2014	PGY1	MD Senior % Filled	60.0
Pediatrics-Preliminary	2014	PGY1	Total % Filled	75.0
Pediatrics-Preliminary	2016	PGY1	MD Senior % Filled	60.5
Pediatrics-Preliminary	2016	PGY1	Total % Filled	86.0
Pediatrics-Preliminary	2017	PGY1	MD Senior % Filled	67.6
Pediatrics-Preliminary	2017	PGY1	Total % Filled	79.4
Pediatrics-Preliminary	2018	PGY1	MD Senior % Filled	52.6
Pediatrics-Preliminary	2018	PGY1	Total % Filled	73.7
Pediatrics-Preliminary	2019	PGY1	MD Senior % Filled	50.0
Pediatrics-Preliminary	2019	PGY1	Total % Filled	79.2
Pediatrics-Preliminary	2020	PGY1	MD Senior % Filled	47.4
Pediatrics-Preliminary	2020	PGY1	Total % Filled	63.2
Pediatrics-Preliminary	2021	PGY1	MD Senior % Filled	66.7
Pediatrics-Preliminary	2021	PGY1	Total % Filled	91.7
Pediatrics-Preliminary	2022	PGY1	MD Senior % Filled	69.6
Pediatrics-Preliminary	2022	PGY1	Total % Filled	91.3
Pediatrics-Primary	2012	PGY1	MD Senior % Filled	40.3
Pediatrics-Primary	2012	PGY1	Total % Filled	95.5
Pediatrics-Primary	2013	PGY1	MD Senior % Filled	36.1
Pediatrics-Primary	2013	PGY1	Total % Filled	100.0
Pediatrics-Primary	2014	PGY1	MD Senior % Filled	45.3
Pediatrics-Primary	2014	PGY1	Total % Filled	100.0
Pediatrics-Primary	2015	PGY1	MD Senior % Filled	35.1
Pediatrics-Primary	2015	PGY1	Total % Filled	100.0
Pediatrics-Primary	2016	PGY1	MD Senior % Filled	43.0
Pediatrics-Primary	2016	PGY1	Total % Filled	100.0
Pediatrics-Primary	2017	PGY1	MD Senior % Filled	37.3
Pediatrics-Primary	2017	PGY1	Total % Filled	98.8
Pediatrics-Primary	2018	PGY1	MD Senior % Filled	40.0
Pediatrics-Primary	2018	PGY1	Total % Filled	95.6
Pediatrics-Primary	2019	PGY1	MD Senior % Filled	40.0
Pediatrics-Primary	2019	PGY1	Total % Filled	98.9
Pediatrics-Primary	2020	PGY1	MD Senior % Filled	39.1
Pediatrics-Primary	2020	PGY1	Total % Filled	97.8
Pediatrics-Primary	2021	PGY1	MD Senior % Filled	52.0
Pediatrics-Primary	2021	PGY1	Total % Filled	98.7
Pediatrics-Primary	2022	PGY1	MD Senior % Filled	41.9
Pediatrics-Primary	2022	PGY1	Total % Filled	98.6
Peds/Psych/Child I Psych	2020	PGY1	MD Senior % Filled	90.9
Peds/Psych/Child I Psych	2020	PGY1	Total % Filled	100.0
Peds/Psych/Child Psych	2012	PGY1	MD Senior % Filled	72.2
Peds/Psych/Child Psych	2012	PGY1	Total % Filled	94.4
Peds/Psych/Child Psych	2013	PGY1	MD Senior % Filled	84.2
Peds/Psych/Child Psych	2013	PGY1	Total % Filled	100.0
Peds/Psych/Child Psych	2014	PGY1	MD Senior % Filled	84.2
Peds/Psych/Child Psych	2014	PGY1	Total % Filled	94.7
Peds/Psych/Child Psych	2015	PGY1	MD Senior % Filled	94.7
Peds/Psych/Child Psych	2015	PGY1	Total % Filled	100.0
Peds/Psych/Child Psych	2016	PGY1	MD Senior % Filled	90.0
Peds/Psych/Child Psych	2016	PGY1	Total % Filled	100.0
Peds/Psych/Child Psych	2017	PGY1	MD Senior % Filled	90.5
Peds/Psych/Child Psych	2017	PGY1	Total % Filled	100.0
Peds/Psych/Child Psych	2018	PGY1	MD Senior % Filled	81.0
Peds/Psych/Child Psych	2018	PGY1	Total % Filled	95.2
Peds/Psych/Child Psych	2019	PGY1	MD Senior % Filled	95.2
Peds/Psych/Child Psych	2019	PGY1	Total % Filled	100.0
Peds/Psych/Child Psych	2021	PGY1	MD Senior % Filled	90.5
Peds/Psych/Child Psych	2021	PGY1	Total % Filled	100.0
Peds/Psych/Child Psych	2022	PGY1	MD Senior % Filled	95.2
Peds/Psych/Child Psych	2022	PGY1	Total % Filled	100.0
Physical Medicine & Rehab	2012	PGY1	MD Senior % Filled	59.3
Physical Medicine & Rehab	2012	PGY1	Total % Filled	100.0
Physical Medicine & Rehab	2013	PGY1	MD Senior % Filled	50.5
Physical Medicine & Rehab	2013	PGY1	Total % Filled	100.0
Physical Medicine & Rehab	2014	PGY1	MD Senior % Filled	56.3
Physical Medicine & Rehab	2014	PGY1	Total % Filled	100.0
Physical Medicine & Rehab	2015	PGY1	MD Senior % Filled	60.7
Physical Medicine & Rehab	2015	PGY1	Total % Filled	100.0
Physical Medicine & Rehab	2016	PGY1	MD Senior % Filled	61.6
Physical Medicine & Rehab	2016	PGY1	Total % Filled	98.2
Physical Medicine & Rehab	2017	PGY1	MD Senior % Filled	62.2
Physical Medicine & Rehab	2017	PGY1	Total % Filled	99.2
Physical Medicine & Rehab	2018	PGY1	MD Senior % Filled	57.1
Physical Medicine & Rehab	2018	PGY1	Total % Filled	100.0
Physical Medicine & Rehab	2019	PGY1	MD Senior % Filled	50.0
Physical Medicine & Rehab	2019	PGY1	Total % Filled	100.0
Physical Medicine & Rehab	2020	PGY1	MD Senior % Filled	53.6
Physical Medicine & Rehab	2020	PGY1	Total % Filled	100.0
Physical Medicine & Rehab	2021	PGY1	MD Senior % Filled	56.1
Physical Medicine & Rehab	2021	PGY1	Total % Filled	99.4
Physical Medicine & Rehab	2022	PGY1	MD Senior % Filled	57.8
Physical Medicine & Rehab	2022	PGY1	Total % Filled	100.0
Physical Medicine & Rehab	2012	PGY2	MD Senior % Filled	50.5
Physical Medicine & Rehab	2012	PGY2	Total % Filled	98.6
Physical Medicine & Rehab	2013	PGY2	MD Senior % Filled	51.7
Physical Medicine & Rehab	2013	PGY2	Total % Filled	99.7
Physical Medicine & Rehab	2014	PGY2	MD Senior % Filled	53.7
Physical Medicine & Rehab	2014	PGY2	Total % Filled	100.0
Physical Medicine & Rehab	2015	PGY2	MD Senior % Filled	45.0
Physical Medicine & Rehab	2015	PGY2	Total % Filled	98.9
Physical Medicine & Rehab	2016	PGY2	MD Senior % Filled	52.8
Physical Medicine & Rehab	2016	PGY2	Total % Filled	97.6
Physical Medicine & Rehab	2017	PGY2	MD Senior % Filled	61.6
Physical Medicine & Rehab	2017	PGY2	Total % Filled	100.0
Physical Medicine & Rehab	2018	PGY2	MD Senior % Filled	59.1
Physical Medicine & Rehab	2018	PGY2	Total % Filled	100.0
Physical Medicine & Rehab	2019	PGY2	MD Senior % Filled	49.0
Physical Medicine & Rehab	2019	PGY2	Total % Filled	99.0
Physical Medicine & Rehab	2020	PGY2	MD Senior % Filled	51.9
Physical Medicine & Rehab	2020	PGY2	Total % Filled	98.7
Physical Medicine & Rehab	2021	PGY2	MD Senior % Filled	51.1
Physical Medicine & Rehab	2021	PGY2	Total % Filled	99.4
Physical Medicine & Rehab	2022	PGY2	MD Senior % Filled	50.9
Physical Medicine & Rehab	2022	PGY2	Total % Filled	99.4
Plastic Surgery	2012	PGY2	MD Senior % Filled	95
Plastic Surgery	2012	PGY2	Total % Filled	100
Plastic Surgery	2013	PGY2	MD Senior % Filled	90.9
Plastic Surgery	2013	PGY2	Total % Filled	100.0
Plastic Surgery	2014	PGY2	MD Senior % Filled	100.0
Plastic Surgery	2014	PGY2	Total % Filled	100.0
Plastic Surgery (Integrated)	2012	PGY1	MD Senior % Filled	86.1
Plastic Surgery (Integrated)	2012	PGY1	Total % Filled	96.0
Plastic Surgery (Integrated)	2013	PGY1	MD Senior % Filled	95.7
Plastic Surgery (Integrated)	2013	PGY1	Total % Filled	99.1
Plastic Surgery (Integrated)	2014	PGY1	MD Senior % Filled	92.3
Plastic Surgery (Integrated)	2014	PGY1	Total % Filled	100.0
Plastic Surgery (Integrated)	2015	PGY1	MD Senior % Filled	91.9
Plastic Surgery (Integrated)	2015	PGY1	Total % Filled	97.3
Plastic Surgery (Integrated)	2016	PGY1	MD Senior % Filled	87.5
Plastic Surgery (Integrated)	2016	PGY1	Total % Filled	99.3
Plastic Surgery (Integrated)	2017	PGY1	MD Senior % Filled	93.1
Plastic Surgery (Integrated)	2017	PGY1	Total % Filled	98.7
Plastic Surgery (Integrated)	2018	PGY1	MD Senior % Filled	92.9
Plastic Surgery (Integrated)	2018	PGY1	Total % Filled	99.4
Plastic Surgery (Integrated)	2019	PGY1	MD Senior % Filled	91.9
Plastic Surgery (Integrated)	2019	PGY1	Total % Filled	100.0
Plastic Surgery (Integrated)	2020	PGY1	MD Senior % Filled	91.7
Plastic Surgery (Integrated)	2020	PGY1	Total % Filled	100.0
Plastic Surgery (Integrated)	2021	PGY1	MD Senior % Filled	89.3
Plastic Surgery (Integrated)	2021	PGY1	Total % Filled	100.0
Plastic Surgery (Integrated)	2022	PGY1	MD Senior % Filled	89.2
Plastic Surgery (Integrated)	2022	PGY1	Total % Filled	100.0
Preventive Medicine	2012	PGY1	MD Senior % Filled	25.0
Preventive Medicine	2012	PGY1	Total % Filled	50.0
Preventive Medicine	2013	PGY1	MD Senior % Filled	0.0
Preventive Medicine	2013	PGY1	Total % Filled	0.0
Preventive Medicine	2016	PGY1	MD Senior % Filled	0.0
Preventive Medicine	2016	PGY1	Total % Filled	100.0
Preventive Medicine	2017	PGY1	MD Senior % Filled	0.0
Preventive Medicine	2017	PGY1	Total % Filled	100.0
Preventive Medicine	2018	PGY1	MD Senior % Filled	0.0
Preventive Medicine	2018	PGY1	Total % Filled	100.0
Preventive Medicine	2019	PGY1	MD Senior % Filled	0.0
Preventive Medicine	2019	PGY1	Total % Filled	100.0
Preventive Medicine	2020	PGY1	MD Senior % Filled	0.0
Preventive Medicine	2020	PGY1	Total % Filled	100.0
Preventive Medicine	2012	PGY2	MD Senior % Filled	0
Preventive Medicine	2012	PGY2	Total % Filled	0
Preventive Medicine	2013	PGY2	MD Senior % Filled	0.0
Preventive Medicine	2013	PGY2	Total % Filled	33.3
Preventive Medicine	2014	PGY2	MD Senior % Filled	0.0
Preventive Medicine	2014	PGY2	Total % Filled	0.0
Preventive Medicine	2015	PGY2	MD Senior % Filled	0.0
Preventive Medicine	2015	PGY2	Total % Filled	100.0
Preventive Medicine	2016	PGY2	MD Senior % Filled	0.0
Preventive Medicine	2016	PGY2	Total % Filled	100.0
Psychiatry	2018	PGY1	MD Senior % Filled	63.1
Psychiatry	2018	PGY1	Total % Filled	99.0
Psychiatry	2019	PGY1	MD Senior % Filled	60.6
Psychiatry	2019	PGY1	Total % Filled	98.9
Psychiatry	2020	PGY1	MD Senior % Filled	61.2
Psychiatry	2020	PGY1	Total % Filled	98.9
Psychiatry	2021	PGY1	MD Senior % Filled	63.2
Psychiatry	2021	PGY1	Total % Filled	99.8
Psychiatry	2022	PGY1	MD Senior % Filled	61.2
Psychiatry	2022	PGY1	Total % Filled	99.2
Psychiatry	2012	PGY2	MD Senior % Filled	0
Psychiatry	2012	PGY2	Total % Filled	0
Psychiatry	2013	PGY2	MD Senior % Filled	50.0
Psychiatry	2013	PGY2	Total % Filled	100.0
Psychiatry	2014	PGY2	MD Senior % Filled	0.0
Psychiatry	2014	PGY2	Total % Filled	50.0
Psychiatry	2015	PGY2	MD Senior % Filled	0.0
Psychiatry	2015	PGY2	Total % Filled	0.0
Psychiatry	2016	PGY2	MD Senior % Filled	100.0
Psychiatry	2016	PGY2	Total % Filled	100.0
Psychiatry (Categorical)	2012	PGY1	MD Senior % Filled	55.1
Psychiatry (Categorical)	2012	PGY1	Total % Filled	96.6
Psychiatry (Categorical)	2013	PGY1	MD Senior % Filled	50.1
Psychiatry (Categorical)	2013	PGY1	Total % Filled	97.8
Psychiatry (Categorical)	2014	PGY1	MD Senior % Filled	51.8
Psychiatry (Categorical)	2014	PGY1	Total % Filled	97.7
Psychiatry (Categorical)	2015	PGY1	MD Senior % Filled	57.2
Psychiatry (Categorical)	2015	PGY1	Total % Filled	99.0
Psychiatry (Categorical)	2016	PGY1	MD Senior % Filled	61.4
Psychiatry (Categorical)	2016	PGY1	Total % Filled	99.2
Psychiatry (Categorical)	2017	PGY1	MD Senior % Filled	61.7
Psychiatry (Categorical)	2017	PGY1	Total % Filled	99.7
Psychiatry-Family Medicine	2012	PGY1	MD Senior % Filled	80.0
Psychiatry-Family Medicine	2012	PGY1	Total % Filled	80.0
Psychiatry-Family Medicine	2013	PGY1	MD Senior % Filled	100.0
Psychiatry-Family Medicine	2013	PGY1	Total % Filled	100.0
Psychiatry-Family Medicine	2014	PGY1	MD Senior % Filled	80.0
Psychiatry-Family Medicine	2014	PGY1	Total % Filled	100.0
Psychiatry-Family Medicine	2015	PGY1	MD Senior % Filled	100.0
Psychiatry-Family Medicine	2015	PGY1	Total % Filled	100.0
Psychiatry-Family Medicine	2016	PGY1	MD Senior % Filled	90.0
Psychiatry-Family Medicine	2016	PGY1	Total % Filled	100.0
Psychiatry-Family Medicine	2017	PGY1	MD Senior % Filled	80.0
Psychiatry-Family Medicine	2017	PGY1	Total % Filled	100.0
Psychiatry-Family Medicine	2018	PGY1	MD Senior % Filled	100.0
Psychiatry-Family Medicine	2018	PGY1	Total % Filled	100.0
Psychiatry-Family Medicine	2019	PGY1	MD Senior % Filled	100.0
Psychiatry-Family Medicine	2019	PGY1	Total % Filled	100.0
Psychiatry-Family Medicine	2020	PGY1	MD Senior % Filled	83.3
Psychiatry-Family Medicine	2020	PGY1	Total % Filled	100.0
Psychiatry-Family Medicine	2021	PGY1	MD Senior % Filled	91.7
Psychiatry-Family Medicine	2021	PGY1	Total % Filled	100.0
Psychiatry-Family Medicine	2022	PGY1	MD Senior % Filled	100.0
Psychiatry-Family Medicine	2022	PGY1	Total % Filled	100.0
Psychiatry-Neurology	2012	PGY1	MD Senior % Filled	50.0
Psychiatry-Neurology	2012	PGY1	Total % Filled	50.0
Psychiatry-Neurology	2013	PGY1	MD Senior % Filled	100.0
Psychiatry-Neurology	2013	PGY1	Total % Filled	100.0
Psychiatry-Neurology	2014	PGY1	MD Senior % Filled	100.0
Psychiatry-Neurology	2014	PGY1	Total % Filled	100.0
Psychiatry-Neurology	2015	PGY1	MD Senior % Filled	0.0
Psychiatry-Neurology	2015	PGY1	Total % Filled	66.7
Psychiatry-Neurology	2016	PGY1	MD Senior % Filled	100.0
Psychiatry-Neurology	2016	PGY1	Total % Filled	100.0
Psychiatry-Neurology	2017	PGY1	MD Senior % Filled	50.0
Psychiatry-Neurology	2017	PGY1	Total % Filled	50.0
Psychiatry-Neurology	2018	PGY1	MD Senior % Filled	75.0
Psychiatry-Neurology	2018	PGY1	Total % Filled	75.0
Psychiatry-Neurology	2019	PGY1	MD Senior % Filled	75.0
Psychiatry-Neurology	2019	PGY1	Total % Filled	75.0
Psychiatry-Neurology	2020	PGY1	MD Senior % Filled	100.0
Psychiatry-Neurology	2020	PGY1	Total % Filled	100.0
Psychiatry-Neurology	2021	PGY1	MD Senior % Filled	25.0
Psychiatry-Neurology	2021	PGY1	Total % Filled	100.0
Psychiatry-Neurology	2022	PGY1	MD Senior % Filled	50.0
Psychiatry-Neurology	2022	PGY1	Total % Filled	75.0
Psychiatry-Neurology	2012	PGY2	MD Senior % Filled	0
Psychiatry-Neurology	2012	PGY2	Total % Filled	0
Psychiatry-Neurology	2013	PGY2	MD Senior % Filled	0.0
Psychiatry-Neurology	2013	PGY2	Total % Filled	100.0
Psychiatry-Neurology	2014	PGY2	MD Senior % Filled	0.0
Psychiatry-Neurology	2014	PGY2	Total % Filled	0.0
Psychiatry-Neurology	2015	PGY2	MD Senior % Filled	100.0
Psychiatry-Neurology	2015	PGY2	Total % Filled	100.0
Radiation Oncology	2012	PGY1	MD Senior % Filled	100.0
Radiation Oncology	2012	PGY1	Total % Filled	100.0
Radiation Oncology	2013	PGY1	MD Senior % Filled	73.9
Radiation Oncology	2013	PGY1	Total % Filled	100.0
Radiation Oncology	2014	PGY1	MD Senior % Filled	100.0
Radiation Oncology	2014	PGY1	Total % Filled	100.0
Radiation Oncology	2015	PGY1	MD Senior % Filled	82.4
Radiation Oncology	2015	PGY1	Total % Filled	88.2
Radiation Oncology	2016	PGY1	MD Senior % Filled	93.3
Radiation Oncology	2016	PGY1	Total % Filled	100.0
Radiation Oncology	2017	PGY1	MD Senior % Filled	100.0
Radiation Oncology	2017	PGY1	Total % Filled	100.0
Radiation Oncology	2018	PGY1	MD Senior % Filled	93.8
Radiation Oncology	2018	PGY1	Total % Filled	93.8
Radiation Oncology	2019	PGY1	MD Senior % Filled	86.7
Radiation Oncology	2019	PGY1	Total % Filled	93.3
Radiation Oncology	2020	PGY1	MD Senior % Filled	57.1
Radiation Oncology	2020	PGY1	Total % Filled	78.6
Radiation Oncology	2021	PGY1	MD Senior % Filled	46.7
Radiation Oncology	2021	PGY1	Total % Filled	80.0
Radiation Oncology	2022	PGY1	MD Senior % Filled	70.0
Radiation Oncology	2022	PGY1	Total % Filled	90.0
Radiation Oncology	2012	PGY2	MD Senior % Filled	98.1
Radiation Oncology	2012	PGY2	Total % Filled	99.4
Radiation Oncology	2013	PGY2	MD Senior % Filled	83.8
Radiation Oncology	2013	PGY2	Total % Filled	95.6
Radiation Oncology	2014	PGY2	MD Senior % Filled	93.8
Radiation Oncology	2014	PGY2	Total % Filled	97.5
Radiation Oncology	2015	PGY2	MD Senior % Filled	93.8
Radiation Oncology	2015	PGY2	Total % Filled	96.6
Radiation Oncology	2016	PGY2	MD Senior % Filled	92.3
Radiation Oncology	2016	PGY2	Total % Filled	99.4
Radiation Oncology	2017	PGY2	MD Senior % Filled	92.7
Radiation Oncology	2017	PGY2	Total % Filled	97.7
Radiation Oncology	2018	PGY2	MD Senior % Filled	91.5
Radiation Oncology	2018	PGY2	Total % Filled	97.2
Radiation Oncology	2019	PGY2	MD Senior % Filled	76.6
Radiation Oncology	2019	PGY2	Total % Filled	84.9
Radiation Oncology	2020	PGY2	MD Senior % Filled	65.1
Radiation Oncology	2020	PGY2	Total % Filled	81.7
Radiation Oncology	2021	PGY2	MD Senior % Filled	54.3
Radiation Oncology	2021	PGY2	Total % Filled	79.8
Radiation Oncology	2022	PGY2	MD Senior % Filled	58.4
Radiation Oncology	2022	PGY2	Total % Filled	80.7
Radiology-Diagnostic	2012	PGY1	MD Senior % Filled	66.7
Radiology-Diagnostic	2012	PGY1	Total % Filled	91.9
Radiology-Diagnostic	2013	PGY1	MD Senior % Filled	61.6
Radiology-Diagnostic	2013	PGY1	Total % Filled	91.5
Radiology-Diagnostic	2014	PGY1	MD Senior % Filled	59.1
Radiology-Diagnostic	2014	PGY1	Total % Filled	88.3
Radiology-Diagnostic	2015	PGY1	MD Senior % Filled	50.4
Radiology-Diagnostic	2015	PGY1	Total % Filled	90.2
Radiology-Diagnostic	2016	PGY1	MD Senior % Filled	61.6
Radiology-Diagnostic	2016	PGY1	Total % Filled	93.4
Radiology-Diagnostic	2017	PGY1	MD Senior % Filled	60.3
Radiology-Diagnostic	2017	PGY1	Total % Filled	99.2
Radiology-Diagnostic	2018	PGY1	MD Senior % Filled	61.6
Radiology-Diagnostic	2018	PGY1	Total % Filled	100.0
Radiology-Diagnostic	2019	PGY1	MD Senior % Filled	59.3
Radiology-Diagnostic	2019	PGY1	Total % Filled	99.2
Radiology-Diagnostic	2020	PGY1	MD Senior % Filled	40.7
Radiology-Diagnostic	2020	PGY1	Total % Filled	94.3
Radiology-Diagnostic	2021	PGY1	MD Senior % Filled	58.2
Radiology-Diagnostic	2021	PGY1	Total % Filled	96.7
Radiology-Diagnostic	2022	PGY1	MD Senior % Filled	55.3
Radiology-Diagnostic	2022	PGY1	Total % Filled	100.0
Radiology-Diagnostic	2012	PGY2	MD Senior % Filled	75.9
Radiology-Diagnostic	2012	PGY2	Total % Filled	92.3
Radiology-Diagnostic	2013	PGY2	MD Senior % Filled	74.0
Radiology-Diagnostic	2013	PGY2	Total % Filled	94.8
Radiology-Diagnostic	2014	PGY2	MD Senior % Filled	68.9
Radiology-Diagnostic	2014	PGY2	Total % Filled	94.2
Radiology-Diagnostic	2015	PGY2	MD Senior % Filled	58.0
Radiology-Diagnostic	2015	PGY2	Total % Filled	86.3
Radiology-Diagnostic	2016	PGY2	MD Senior % Filled	67.3
Radiology-Diagnostic	2016	PGY2	Total % Filled	96.4
Radiology-Diagnostic	2017	PGY2	MD Senior % Filled	71.6
Radiology-Diagnostic	2017	PGY2	Total % Filled	98.4
Radiology-Diagnostic	2018	PGY2	MD Senior % Filled	72.4
Radiology-Diagnostic	2018	PGY2	Total % Filled	99.5
Radiology-Diagnostic	2019	PGY2	MD Senior % Filled	68.9
Radiology-Diagnostic	2019	PGY2	Total % Filled	98.4
Radiology-Diagnostic	2020	PGY2	MD Senior % Filled	66.7
Radiology-Diagnostic	2020	PGY2	Total % Filled	97.7
Radiology-Diagnostic	2021	PGY2	MD Senior % Filled	68.0
Radiology-Diagnostic	2021	PGY2	Total % Filled	99.3
Radiology-Diagnostic	2022	PGY2	MD Senior % Filled	71.5
Radiology-Diagnostic	2022	PGY2	Total % Filled	99.9
Radiology-Nuclear Med	2014	PGY2	MD Senior % Filled	0.0
Radiology-Nuclear Med	2014	PGY2	Total % Filled	0.0
Radiology-Nuclear Med	2015	PGY2	MD Senior % Filled	0.0
Radiology-Nuclear Med	2015	PGY2	Total % Filled	0.0
Radiology-Nuclear Med	2016	PGY2	MD Senior % Filled	66.7
Radiology-Nuclear Med	2016	PGY2	Total % Filled	100.0
Radiology-Nuclear Med	2017	PGY2	MD Senior % Filled	50.0
Radiology-Nuclear Med	2017	PGY2	Total % Filled	100.0
Radiology-Nuclear Med	2018	PGY2	MD Senior % Filled	33.3
Radiology-Nuclear Med	2018	PGY2	Total % Filled	100.0
Radiology-Nuclear Med	2019	PGY2	MD Senior % Filled	50.0
Radiology-Nuclear Med	2019	PGY2	Total % Filled	100.0
Radiology-Nuclear Med	2020	PGY2	MD Senior % Filled	33.3
Radiology-Nuclear Med	2020	PGY2	Total % Filled	66.7
Radiology-Nuclear Med	2021	PGY2	MD Senior % Filled	50.0
Radiology-Nuclear Med	2021	PGY2	Total % Filled	100.0
Radiology-Nuclear Med	2022	PGY2	MD Senior % Filled	66.7
Radiology-Nuclear Med	2022	PGY2	Total % Filled	100.0
Surgery (Categorical)	2012	PGY1	MD Senior % Filled	79.8
Surgery (Categorical)	2012	PGY1	Total % Filled	99.7
Surgery (Categorical)	2013	PGY1	MD Senior % Filled	80.5
Surgery (Categorical)	2013	PGY1	Total % Filled	99.6
Surgery (Categorical)	2014	PGY1	MD Senior % Filled	76.5
Surgery (Categorical)	2014	PGY1	Total % Filled	99.4
Surgery (Categorical)	2015	PGY1	MD Senior % Filled	80.0
Surgery (Categorical)	2015	PGY1	Total % Filled	99.8
Surgery (Categorical)	2016	PGY1	MD Senior % Filled	76.4
Surgery (Categorical)	2016	PGY1	Total % Filled	99.8
Surgery (Categorical)	2017	PGY1	MD Senior % Filled	78.5
Surgery (Categorical)	2017	PGY1	Total % Filled	99.6
Surgery (Categorical)	2018	PGY1	MD Senior % Filled	76.2
Surgery (Categorical)	2018	PGY1	Total % Filled	99.6
Surgery (Categorical)	2019	PGY1	MD Senior % Filled	73.5
Surgery (Categorical)	2019	PGY1	Total % Filled	100.0
Surgery (Categorical)	2020	PGY1	MD Senior % Filled	67.3
Surgery (Categorical)	2020	PGY1	Total % Filled	99.7
Surgery (Categorical)	2021	PGY1	MD Senior % Filled	65.6
Surgery (Categorical)	2021	PGY1	Total % Filled	99.7
Surgery (Categorical)	2022	PGY1	MD Senior % Filled	65.3
Surgery (Categorical)	2022	PGY1	Total % Filled	99.8
Surgery-Preliminary (PGY-1 Only)	2012	PGY1	MD Senior % Filled	39.1
Surgery-Preliminary (PGY-1 Only)	2012	PGY1	Total % Filled	60.4
Surgery-Preliminary (PGY-1 Only)	2013	PGY1	MD Senior % Filled	35.5
Surgery-Preliminary (PGY-1 Only)	2013	PGY1	Total % Filled	64.1
Surgery-Preliminary (PGY-1 Only)	2014	PGY1	MD Senior % Filled	38.1
Surgery-Preliminary (PGY-1 Only)	2014	PGY1	Total % Filled	65.1
Surgery-Preliminary (PGY-1 Only)	2015	PGY1	MD Senior % Filled	36.7
Surgery-Preliminary (PGY-1 Only)	2015	PGY1	Total % Filled	63.3
Surgery-Preliminary (PGY-1 Only)	2016	PGY1	MD Senior % Filled	39.1
Surgery-Preliminary (PGY-1 Only)	2016	PGY1	Total % Filled	64.4
Surgery-Preliminary (PGY-1 Only)	2017	PGY1	MD Senior % Filled	39.4
Surgery-Preliminary (PGY-1 Only)	2017	PGY1	Total % Filled	61.7
Surgery-Preliminary (PGY-1 Only)	2018	PGY1	MD Senior % Filled	41.6
Surgery-Preliminary (PGY-1 Only)	2018	PGY1	Total % Filled	65.2
Surgery-Preliminary (PGY-1 Only)	2019	PGY1	MD Senior % Filled	23.9
Surgery-Preliminary (PGY-1 Only)	2019	PGY1	Total % Filled	50.2
Surgery-Preliminary (PGY-1 Only)	2020	PGY1	MD Senior % Filled	24.7
Surgery-Preliminary (PGY-1 Only)	2020	PGY1	Total % Filled	49.7
Surgery-Preliminary (PGY-1 Only)	2021	PGY1	MD Senior % Filled	23.9
Surgery-Preliminary (PGY-1 Only)	2021	PGY1	Total % Filled	53.9
Surgery-Preliminary (PGY-1 Only)	2022	PGY1	MD Senior % Filled	26.4
Surgery-Preliminary (PGY-1 Only)	2022	PGY1	Total % Filled	55.0
Thoracic Surgery	2012	PGY1	MD Senior % Filled	95.0
Thoracic Surgery	2012	PGY1	Total % Filled	100.0
Thoracic Surgery	2013	PGY1	MD Senior % Filled	84.6
Thoracic Surgery	2013	PGY1	Total % Filled	100.0
Thoracic Surgery	2014	PGY1	MD Senior % Filled	87.9
Thoracic Surgery	2014	PGY1	Total % Filled	100.0
Thoracic Surgery	2015	PGY1	MD Senior % Filled	80.0
Thoracic Surgery	2015	PGY1	Total % Filled	100.0
Thoracic Surgery	2016	PGY1	MD Senior % Filled	81.6
Thoracic Surgery	2016	PGY1	Total % Filled	97.4
Thoracic Surgery	2017	PGY1	MD Senior % Filled	81.1
Thoracic Surgery	2017	PGY1	Total % Filled	91.9
Thoracic Surgery	2018	PGY1	MD Senior % Filled	86.1
Thoracic Surgery	2018	PGY1	Total % Filled	100.0
Thoracic Surgery	2019	PGY1	MD Senior % Filled	91.9
Thoracic Surgery	2019	PGY1	Total % Filled	100.0
Thoracic Surgery	2020	PGY1	MD Senior % Filled	84.2
Thoracic Surgery	2020	PGY1	Total % Filled	100.0
Thoracic Surgery	2021	PGY1	MD Senior % Filled	93.5
Thoracic Surgery	2021	PGY1	Total % Filled	97.8
Thoracic Surgery	2022	PGY1	MD Senior % Filled	87.2
Thoracic Surgery	2022	PGY1	Total % Filled	100.0
Transitional (PGY-1 Only)	2012	PGY1	MD Senior % Filled	83.4
Transitional (PGY-1 Only)	2012	PGY1	Total % Filled	97.2
Transitional (PGY-1 Only)	2013	PGY1	MD Senior % Filled	83.8
Transitional (PGY-1 Only)	2013	PGY1	Total % Filled	96.9
Transitional (PGY-1 Only)	2014	PGY1	MD Senior % Filled	81.7
Transitional (PGY-1 Only)	2014	PGY1	Total % Filled	96.0
Transitional (PGY-1 Only)	2015	PGY1	MD Senior % Filled	81.4
Transitional (PGY-1 Only)	2015	PGY1	Total % Filled	93.8
Transitional (PGY-1 Only)	2016	PGY1	MD Senior % Filled	80.3
Transitional (PGY-1 Only)	2016	PGY1	Total % Filled	95.0
Transitional (PGY-1 Only)	2017	PGY1	MD Senior % Filled	79.1
Transitional (PGY-1 Only)	2017	PGY1	Total % Filled	96.1
Transitional (PGY-1 Only)	2018	PGY1	MD Senior % Filled	71.1
Transitional (PGY-1 Only)	2018	PGY1	Total % Filled	93.6
Transitional (PGY-1 Only)	2019	PGY1	MD Senior % Filled	62.9
Transitional (PGY-1 Only)	2019	PGY1	Total % Filled	87.9
Transitional (PGY-1 Only)	2020	PGY1	MD Senior % Filled	57.2
Transitional (PGY-1 Only)	2020	PGY1	Total % Filled	85.7
Transitional (PGY-1 Only)	2021	PGY1	MD Senior % Filled	56.4
Transitional (PGY-1 Only)	2021	PGY1	Total % Filled	85.0
Transitional (PGY-1 Only)	2022	PGY1	MD Senior % Filled	56.9
Transitional (PGY-1 Only)	2022	PGY1	Total % Filled	86.9
Vascular Surgery	2012	PGY1	MD Senior % Filled	92.7
Vascular Surgery	2012	PGY1	Total % Filled	100.0
Vascular Surgery	2013	PGY1	MD Senior % Filled	80.4
Vascular Surgery	2013	PGY1	Total % Filled	97.8
Vascular Surgery	2014	PGY1	MD Senior % Filled	70.6
Vascular Surgery	2014	PGY1	Total % Filled	90.2
Vascular Surgery	2015	PGY1	MD Senior % Filled	84.2
Vascular Surgery	2015	PGY1	Total % Filled	96.5
Vascular Surgery	2016	PGY1	MD Senior % Filled	87.5
Vascular Surgery	2016	PGY1	Total % Filled	100.0
Vascular Surgery	2017	PGY1	MD Senior % Filled	80.0
Vascular Surgery	2017	PGY1	Total % Filled	98.3
Vascular Surgery	2018	PGY1	MD Senior % Filled	83.3
Vascular Surgery	2018	PGY1	Total % Filled	96.7
Vascular Surgery	2019	PGY1	MD Senior % Filled	78.8
Vascular Surgery	2019	PGY1	Total % Filled	97.0
Vascular Surgery	2020	PGY1	MD Senior % Filled	81.3
Vascular Surgery	2020	PGY1	Total % Filled	97.3
Vascular Surgery	2021	PGY1	MD Senior % Filled	82.3
Vascular Surgery	2021	PGY1	Total % Filled	100.0
Vascular Surgery	2022	PGY1	MD Senior % Filled	85.7
Vascular Surgery	2022	PGY1	Total % Filled	100.0
