Specialty	Class	Year	No. of Programs	Positions Offered	Unfilled Programs	U.S. Senior Applicants	Total Applicants	U.S. Senior Matches	Total Matches	U.S. Senior % Filled	Total % Filled	U.S. Senior Ranked Positions	Total Ranked Positions
Anesthesiology	PGY1	2012	109	919	8	1177	1721	725	897	78.9	97.6	9203	11315
Child Neurology	PGY1	2012	71	99	17	87	147	58	79	58.6	79.8	546	699
Dermatology	PGY1	2012	10	23	0	153	164	22	23	95.7	100	253	269
Emergency Medicine	PGY1	2012	153	1668	0	1498	2238	1335	1668	80	100	16072	19374
Emergency Med-Family Med	PGY1	2012	2	4	0	12	28	2	4	50	100	15	32
Family Medicine	PGY1	2012	457	2740	66	1519	5421	1322	2591	48.2	94.6	12589	28213
Family Med-Preventive Med	PGY1	2012	2	6	1	17	34	1	4	16.7	66.7	19	37
Internal Medicine (Categorical)	PGY1	2012	389	5277	21	3451	9806	2941	5226	55.7	99	31863	58792
Medicine-Dermatology	PGY1	2012	8	9	1	31	33	8	8	88.9	88.9	79	82
Medicine-Emergency Med	PGY1	2012	11	26	4	40	70	17	22	65.4	84.6	155	205
Medicine-Family Medicine	PGY1	2012	2	4	0	11	21	2	4	50	100	13	24
Medicine-Medical Genetics	PGY1	2012	1	1	0	3	5	1	1	100	100	3	5
Medicine-Neurology	PGY1	2012	2	2	0	5	7	2	2	100	100	6	9
Medicine-Pediatrics	PGY1	2012	77	362	10	342	560	276	344	76.2	95	2840	3502
Medicine-Preliminary (PGY-1 Only)	PGY1	2012	307	1861	48	3345	5054	1427	1738	76.7	93.4	36050	43318
Medicine-Preventive Med	PGY1	2012	5	5	1	24	108	2	4	40	80	31	143
Medicine-Primary	PGY1	2012	56	311	3	718	2206	186	300	59.8	96.5	1868	3760
Medicine-Psychiatry	PGY1	2012	10	20	1	25	63	12	18	60	90	77	129
Neurodevelopmental Disabilities	PGY1	2012	5	3	2	5	6	0	1	0	33.3	9	10
Neurological Surgery	PGY1	2012	98	196	2	203	318	170	194	86.7	99	2756	3261
Neurology	PGY1	2012	66	292	3	372	801	173	289	59.2	99	1862	2980
Obstetrics-Gynecology	PGY1	2012	251	1240	11	977	1723	913	1223	73.6	98.6	10713	14513
Orthopedic Surgery	PGY1	2012	161	682	0	845	1046	641	682	94	100	8671	9498
Otolaryngology	PGY1	2012	107	285	2	342	390	277	283	97.2	99.3	3636	3775
Pathology	PGY1	2012	148	521	33	285	832	262	466	50.3	89.4	2396	4679
Pediatrics (Categorical)	PGY1	2012	190	2475	12	1918	3732	1732	2443	70	98.7	18143	25677
Pediatrics-Anesthesiology	PGY1	2012	4	7	0	16	16	7	7	100	100	35	35
Pediatrics-Emergency Med	PGY1	2012	3	7	0	15	22	6	7	85.7	100	25	33
Pediatrics-Medical Genetics	PGY1	2012	12	7	1	12	17	4	6	57.1	85.7	34	40
Pediatrics-P M & R	PGY1	2012	3	2	0	6	6	2	2	100	100	11	11
Pediatrics-Preliminary	PGY1	2012	52	55	5	142	190	43	48	78.2	87.3	676	814
Pediatrics-Primary	PGY1	2012	13	67	2	280	916	27	64	40.3	95.5	378	1276
Peds/Psych/Child Psych	PGY1	2012	9	18	1	22	39	13	17	72.2	94.4	88	129
Physical Medicine & Rehab	PGY1	2012	26	86	0	195	373	51	86	59.3	100	663	1102
Plastic Surgery (Integrated)	PGY1	2012	45	101	3	141	177	87	97	86.1	96	1170	1314
Preventive Medicine	PGY1	2012	4	4	2	2	16	1	2	25	50	2	18
Psychiatry (Categorical)	PGY1	2012	189	1118	22	680	2008	616	1080	55.1	96.6	5784	10942
Psychiatry-Family Medicine	PGY1	2012	6	10	1	24	30	8	8	80	80	52	61
Psychiatry-Neurology	PGY1	2012	2	2	1	7	9	1	1	50	50	9	11
Radiation Oncology	PGY1	2012	7	15	0	130	135	15	15	100	100	207	213
Radiology-Diagnostic	PGY1	2012	35	135	3	567	691	90	124	66.7	91.9	1552	1839
Surgery (Categorical)	PGY1	2012	242	1146	2	1258	2253	914	1143	79.8	99.7	12802	16206
Surgery-Preliminary (PGY-1 Only)	PGY1	2012	291	1221	140	1114	1967	478	737	39.1	60.4	2518	4891
Thoracic Surgery	PGY1	2012	17	20	0	59	80	19	20	95	100	261	324
Transitional (PGY-1 Only)	PGY1	2012	110	941	11	2239	2946	785	915	83.4	97.2	14955	17107
Vascular Surgery	PGY1	2012	35	41	0	55	82	38	41	92.7	100	612	671
Anesthesiology	PGY2	2012	83	557	10	1052	1549	397	540	71.3	96.9	6522	8135
Child Neurology	PGY2	2012	33	47	11	76	113	23	35	48.9	74.5	288	379
Dermatology	PGY2	2012	107	340	8	385	508	288	329	84.7	96.8	3108	3507
Neurodevelopmental Disabilities	PGY2	2012	5	7	1	9	10	6	6	85.7	85.7	19	21
Neurology	PGY2	2012	76	346	12	364	766	181	326	52.3	94.2	2110	3374
Nuclear Medicine	PGY2	2012	2	4	1	1	13	0	3	0	75	1	16
Physical Medicine & Rehab	PGY2	2012	60	281	3	211	532	142	277	50.5	98.6	1653	3146
Plastic Surgery	PGY2	2012	12	20	0	109	123	19	20	95	100	248	268
Preventive Medicine	PGY2	2012	1	1	1	0	5	0	0	0	0	0	5
Psychiatry	PGY2	2012	2	3	2	6	7	0	0	0	0	6	7
Psychiatry-Neurology	PGY2	2012	1	0	0	3	3	0	0	0	0	3	3
Radiation Oncology	PGY2	2012	78	156	1	222	257	153	155	98.1	99.4	1828	1919
Radiology-Diagnostic	PGY2	2012	164	976	39	875	1219	741	901	75.9	92.3	10054	11525
Anesthesiology	PGY1	2013	147	1073	19	1208	1893	748	1029	69.7	95.9	9813	12677
Child Neurology	PGY1	2013	85	123	19	91	196	64	102	52	82.9	643	973
Dermatology	PGY1	2013	22	38	1	174	243	21	37	55.3	97.4	260	384
Emergency Medicine	PGY1	2013	165	1744	3	1640	2430	1428	1741	81.9	99.8	17679	21184
Emergency Med-Family Med	PGY1	2013	2	4	0	17	29	3	4	75	100	18	34
Family Medicine	PGY1	2013	460	3037	59	1583	5946	1355	2914	44.6	95.9	13749	31900
Family Med-Preventive Med	PGY1	2013	2	6	1	14	40	3	5	50	83.3	14	43
Internal Medicine (Categorical)	PGY1	2013	393	6277	14	3710	11030	3135	6242	49.9	99.4	34888	69671
Medicine-Anesthesiology	PGY1	2013	2	0	0	13	14	0	0	0	0	14	15
Medicine-Dermatology	PGY1	2013	6	8	0	38	42	7	8	87.5	100	78	84
Medicine-Emergency Med	PGY1	2013	12	27	0	74	101	23	27	85.2	100	289	350
Medicine-Family Medicine	PGY1	2013	2	4	0	19	36	2	4	50	100	20	37
Medicine-Medical Genetics	PGY1	2013	3	2	1	6	10	1	1	50	50	6	11
Medicine-Neurology	PGY1	2013	2	2	1	2	4	0	1	0	50	2	4
Medicine-Pediatrics	PGY1	2013	77	366	3	391	603	312	363	85.2	99.2	3354	3953
Medicine-Preliminary (PGY-1 Only)	PGY1	2013	307	1883	37	3359	5134	1429	1809	75.9	96.1	40366	49283
Medicine-Preventive Med	PGY1	2013	4	7	0	53	140	3	7	42.9	100	56	171
Medicine-Primary	PGY1	2013	56	335	2	756	2165	200	331	59.7	98.8	2040	3812
Medicine-Psychiatry	PGY1	2013	10	17	1	30	61	12	16	70.6	94.1	93	141
Medical Genetics	PGY1	2013	1	1	1	0	4	0	0	0	0	0	4
Neurodevelopmental Disabilities	PGY1	2013	3	3	1	4	8	1	2	33.3	66.7	4	8
Neurological Surgery	PGY1	2013	99	204	1	241	314	190	203	93.1	99.5	3207	3499
Neurology	PGY1	2013	89	361	11	374	906	172	345	47.6	95.6	1930	3443
Nuclear Medicine	PGY1	2013	1	1	1	0	2	0	0	0	0	0	2
Obstetrics-Gynecology	PGY1	2013	249	1259	7	1059	1783	944	1248	75	99.1	11275	15057
Orthopedic Surgery	PGY1	2013	163	693	1	833	1038	636	692	91.8	99.9	8736	9497
Otolaryngology	PGY1	2013	107	292	1	387	442	276	290	94.5	99.3	3834	4033
Pathology	PGY1	2013	152	583	15	290	949	263	562	45.1	96.4	2507	5574
Pediatrics (Categorical)	PGY1	2013	191	2616	6	2035	3984	1837	2606	70.2	99.6	19762	28339
Pediatrics-Anesthesiology	PGY1	2013	5	8	1	24	26	7	7	87.5	87.5	51	53
Pediatrics-Emergency Med	PGY1	2013	3	7	0	15	20	6	7	85.7	100	31	39
Pediatrics-Medical Genetics	PGY1	2013	12	9	3	8	16	6	6	66.7	66.7	32	45
Pediatrics-P M & R	PGY1	2013	3	3	0	8	11	2	3	66.7	100	15	18
Pediatrics-Preliminary	PGY1	2013	44	44	6	131	201	31	37	70.5	84.1	622	778
Pediatrics-Primary	PGY1	2013	12	83	0	333	984	30	83	36.1	100	437	1269
Peds/Psych/Child Psych	PGY1	2013	9	19	0	42	50	16	19	84.2	100	138	154
Physical Medicine & Rehab	PGY1	2013	36	103	0	219	444	52	103	50.5	100	715	1226
Plastic Surgery (Integrated)	PGY1	2013	53	116	1	179	203	111	115	95.7	99.1	1464	1536
Preventive Medicine	PGY1	2013	1	2	1	0	0	0	0	0	0	0	0
Psychiatry (Categorical)	PGY1	2013	231	1360	22	749	2348	681	1330	50.1	97.8	6272	12628
Psychiatry-Family Medicine	PGY1	2013	6	11	0	26	32	11	11	100	100	85	93
Psychiatry-Neurology	PGY1	2013	2	2	0	2	6	2	2	100	100	4	9
Radiation Oncology	PGY1	2013	13	23	0	114	135	17	23	73.9	100	205	229
Radiology-Diagnostic	PGY1	2013	55	164	9	595	820	101	150	61.6	91.5	1681	2152
Surgery (Categorical)	PGY1	2013	246	1185	3	1295	2415	954	1180	80.5	99.6	13232	17119
Surgery-Preliminary (PGY-1 Only)	PGY1	2013	293	1278	139	1058	2055	454	819	35.5	64.1	2468	5674
Thoracic Surgery	PGY1	2013	21	26	0	52	79	22	26	84.6	100	344	410
Transitional (PGY-1 Only)	PGY1	2013	110	937	10	2382	3079	785	908	83.8	96.9	16135	18450
Vascular Surgery	PGY1	2013	39	46	1	49	84	37	45	80.4	97.8	591	705
Anesthesiology	PGY2	2013	86	580	9	1067	1628	398	562	68.6	96.9	6644	8696
Child Neurology	PGY2	2013	27	37	8	65	122	14	26	37.8	70.3	205	313
Dermatology	PGY2	2013	109	369	6	442	574	316	362	85.6	98.1	3288	3697
Neurodevelopmental Disabilities	PGY2	2013	5	7	2	7	14	4	5	57.1	71.4	19	27
Neurology	PGY2	2013	73	331	7	365	817	189	320	57.1	96.7	2261	3602
Nuclear Medicine	PGY2	2013	4	5	2	0	9	0	3	0	60	0	16
Physical Medicine & Rehab	PGY2	2013	61	294	1	242	593	152	293	51.7	99.7	1876	3636
Plastic Surgery	PGY2	2013	7	11	0	105	108	10	11	90.9	100	163	166
Preventive Medicine	PGY2	2013	2	3	2	0	7	0	1	0	33.3	0	7
Psychiatry	PGY2	2013	2	2	0	2	12	1	2	50	100	2	12
Psychiatry-Neurology	PGY2	2013	1	1	0	2	3	0	1	0	100	2	3
Radiation Oncology	PGY2	2013	80	160	7	170	211	134	153	83.8	95.6	1667	1822
Radiology-Diagnostic	PGY2	2013	158	979	30	865	1307	724	928	74	94.8	10094	12038
Anesthesiology	PGY1	2014	117	1049	10	1162	1836	754	1024	71.9	97.6	10213	13231
Child Neurology	PGY1	2014	61	92	11	88	177	66	80	71.7	87	724	967
Dermatology	PGY1	2014	9	20	0	168	179	20	20	100	100	234	247
Emergency Medicine	PGY1	2014	170	1786	6	1566	2322	1388	1772	77.7	99.2	17565	21236
Emergency Med-Family Med	PGY1	2014	2	4	0	19	32	4	4	100	100	23	40
Family Medicine	PGY1	2014	480	3109	64	1664	5999	1398	2977	45	95.8	15615	34727
Family Med-Preventive Med	PGY1	2014	2	5	0	16	45	3	5	60	100	18	50
Internal Medicine (Categorical)	PGY1	2014	408	6524	21	3762	11236	3167	6465	48.5	99.1	37674	73525
Medicine-Anesthesiology	PGY1	2014	4	7	2	31	37	5	5	71.4	71.4	38	44
Medicine-Dermatology	PGY1	2014	6	6	0	32	35	6	6	100	100	65	68
Medicine-Emergency Med	PGY1	2014	12	28	0	60	91	24	28	85.7	100	259	315
Medicine-Family Medicine	PGY1	2014	2	4	0	16	37	3	4	75	100	18	43
Medicine-Medical Genetics	PGY1	2014	4	3	3	5	6	0	0	0	0	7	8
Medicine-Neurology	PGY1	2014	2	1	0	2	3	1	1	100	100	3	4
Medicine-Pediatrics	PGY1	2014	79	374	7	334	582	284	362	75.9	96.8	3105	3965
Medicine-Preliminary (PGY-1 Only)	PGY1	2014	323	1905	37	3400	5329	1477	1825	77.5	95.8	46970	56750
Medicine-Preventive Med	PGY1	2014	4	7	0	37	104	2	7	28.6	100	45	135
Medicine-Primary	PGY1	2014	55	335	1	781	2012	202	333	60.3	99.4	2208	3754
Medicine-Psychiatry	PGY1	2014	9	18	1	23	63	10	16	55.6	88.9	69	142
Neurodevelopmental Disabilities	PGY1	2014	2	0	0	3	5	0	0	0	0	4	7
Neurological Surgery	PGY1	2014	102	206	0	243	335	189	206	91.7	100	3294	3746
Neurology	PGY1	2014	80	380	5	403	952	192	373	50.5	98.2	2254	4006
Obstetrics-Gynecology	PGY1	2014	233	1242	5	1073	1798	950	1234	76.5	99.4	12031	15815
OB/GYN-Preliminary (PGY-1 Only)	PGY1	2014	18	22	7	51	145	4	13	18.2	59.1	70	197
Orthopedic Surgery	PGY1	2014	162	695	2	853	1032	649	693	93.4	99.7	9014	9685
Otolaryngology	PGY1	2014	106	295	0	376	443	279	295	94.6	100	3775	4043
Pathology	PGY1	2014	153	597	31	274	863	256	546	42.9	91.5	2567	5520
Pediatrics (Categorical)	PGY1	2014	194	2640	4	2065	3993	1818	2627	68.9	99.5	21009	30068
Pediatrics-Anesthesiology	PGY1	2014	7	8	1	16	16	7	7	87.5	87.5	55	55
Pediatrics-Emergency Med	PGY1	2014	4	9	0	21	34	4	9	44.4	100	35	58
Pediatrics-Medical Genetics	PGY1	2014	12	10	3	7	20	5	7	50	70	23	48
Pediatrics-P M & R	PGY1	2014	3	3	0	6	9	2	3	66.7	100	12	16
Pediatrics-Preliminary	PGY1	2014	38	40	7	100	174	24	30	60	75	508	685
Pediatrics-Primary	PGY1	2014	12	75	0	399	865	34	75	45.3	100	544	1116
Peds/Psych/Child Psych	PGY1	2014	9	19	1	32	49	16	18	84.2	94.7	115	143
Physical Medicine & Rehab	PGY1	2014	28	96	0	223	444	54	96	56.3	100	880	1434
Plastic Surgery (Integrated)	PGY1	2014	60	130	0	181	215	120	130	92.3	100	1719	1810
Psychiatry (Categorical)	PGY1	2014	203	1322	14	751	2363	685	1291	51.8	97.7	7001	13496
Psychiatry-Family Medicine	PGY1	2014	6	10	0	28	43	8	10	80	100	72	101
Psychiatry-Neurology	PGY1	2014	3	4	0	15	18	4	4	100	100	19	23
Radiation Oncology	PGY1	2014	9	18	0	126	132	18	18	100	100	228	236
Radiology-Diagnostic	PGY1	2014	36	137	8	548	780	81	121	59.1	88.3	1391	1857
Surgery (Categorical)	PGY1	2014	251	1205	4	1274	2382	922	1198	76.5	99.4	13307	17204
Surgery-Preliminary (PGY-1 Only)	PGY1	2014	290	1286	139	1031	2034	490	837	38.1	65.1	2621	5930
Thoracic Surgery	PGY1	2014	26	33	0	61	119	29	33	87.9	100	504	654
Transitional (PGY-1 Only)	PGY1	2014	103	868	9	2336	3087	709	833	81.7	96	17798	20206
Vascular Surgery	PGY1	2014	44	51	4	48	90	36	46	70.6	90.2	526	655
Anesthesiology	PGY2	2014	80	515	14	1001	1580	327	482	63.5	93.6	6099	8304
Child Neurology	PGY2	2014	21	28	7	54	111	11	20	39.3	71.4	109	208
Dermatology	PGY2	2014	113	380	5	468	601	334	374	87.9	98.4	3461	3917
Neurodevelopmental Disabilities	PGY2	2014	3	5	0	5	9	3	5	60	100	11	16
Neurology	PGY2	2014	71	320	8	389	803	195	308	60.9	96.3	2315	3461
Nuclear Medicine	PGY2	2014	4	4	2	0	2	0	2	0	50	0	3
Physical Medicine & Rehab	PGY2	2014	62	287	0	243	617	154	287	53.7	100	2068	3874
Plastic Surgery	PGY2	2014	3	6	0	57	61	6	6	100	100	73	78
Preventive Medicine	PGY2	2014	1	2	1	0	2	0	0	0	0	0	2
Psychiatry	PGY2	2014	2	2	1	3	6	0	1	0	50	3	6
Psychiatry-Neurology	PGY2	2014	1	0	0	9	9	0	0	0	0	9	9
Radiation Oncology	PGY2	2014	78	161	4	195	224	151	157	93.8	97.5	1795	1909
Radiology-Diagnostic	PGY2	2014	161	1008	34	803	1288	695	950	68.9	94.2	9615	12116
Radiology-Nuclear Med	PGY2	2014	1	1	1	4	6	0	0	0	0	4	6
Anesthesiology	PGY1	2015	120	1094	11	1192	1859	799	1066	73	97.4	10782	13790
Child Neurology	PGY1	2015	63	104	9	86	169	73	95	70.2	91.3	783	1051
Dermatology	PGY1	2015	9	22	0	170	186	20	22	90.9	100	241	259
Emergency Medicine	PGY1	2015	171	1821	4	1613	2352	1438	1813	79	99.6	18962	22810
Emergency Med-Family Med	PGY1	2015	2	4	0	16	34	1	4	25	100	19	37
Family Medicine	PGY1	2015	490	3195	72	1669	6074	1405	3039	44	95.1	16300	36010
Family Med-Preventive Med	PGY1	2015	2	5	0	24	36	5	5	100	100	26	39
Internal Medicine (Categorical)	PGY1	2015	429	6770	22	3919	11411	3317	6698	49	98.9	39410	76944
Medicine-Anesthesiology	PGY1	2015	3	6	0	26	34	4	6	66.7	100	33	41
Medicine-Dermatology	PGY1	2015	5	6	0	28	30	6	6	100	100	44	46
Medicine-Emergency Med	PGY1	2015	12	28	1	56	84	23	27	82.1	96.4	253	305
Medicine-Family Medicine	PGY1	2015	1	2	0	8	10	1	2	50	100	8	10
Medicine-Medical Genetics	PGY1	2015	4	4	0	3	11	2	4	50	100	5	18
Medicine-Neurology	PGY1	2015	1	1	1	1	2	0	0	0	0	1	2
Medicine-Pediatrics	PGY1	2015	78	380	1	396	625	319	379	83.9	99.7	3652	4392
Medicine-Preliminary (PGY-1 Only)	PGY1	2015	323	1928	47	3259	5239	1388	1805	72	93.6	43937	54904
Medicine-Preventive Med	PGY1	2015	4	7	0	40	94	4	7	57.1	100	45	118
Medicine-Primary	PGY1	2015	60	341	1	709	2185	206	339	60.4	99.4	2249	4116
Medicine-Psychiatry	PGY1	2015	10	21	0	30	68	13	21	61.9	100	90	154
Neurodevelopmental Disabilities	PGY1	2015	1	1	0	1	3	0	1	0	100	1	3
Neurological Surgery	PGY1	2015	102	210	2	256	354	188	208	89.5	99	3473	3872
Neurology	PGY1	2015	81	404	7	435	990	222	396	55	98	2586	4428
Obstetrics-Gynecology	PGY1	2015	234	1255	0	1173	1823	1002	1255	79.8	100	13106	16428
OB/GYN-Preliminary (PGY-1 Only)	PGY1	2015	17	21	4	56	136	3	14	14.3	66.7	96	241
Orthopedic Surgery	PGY1	2015	161	703	0	885	1062	663	703	94.3	100	9214	9804
Otolaryngology	PGY1	2015	107	299	1	375	430	283	298	94.6	99.7	3923	4174
Pathology	PGY1	2015	155	605	24	304	891	282	568	46.6	93.9	2884	5841
Pediatrics (Categorical)	PGY1	2015	196	2668	7	2126	3936	1889	2654	70.8	99.5	22147	30564
Pediatrics-Anesthesiology	PGY1	2015	6	9	0	23	26	9	9	100	100	63	71
Pediatrics-Emergency Med	PGY1	2015	4	9	0	29	38	8	9	88.9	100	58	73
Pediatrics-Medical Genetics	PGY1	2015	12	15	0	15	25	12	15	80	100	66	105
Pediatrics-P M & R	PGY1	2015	3	1	0	6	8	0	1	0	100	10	12
Pediatrics-Preliminary	PGY1	2015	36	36	6	92	170	21	30	58.3	83.3	424	569
Pediatrics-Primary	PGY1	2015	12	74	0	365	798	26	74	35.1	100	506	1039
Peds/Psych/Child Psych	PGY1	2015	9	19	0	35	45	18	19	94.7	100	140	157
Physical Medicine & Rehab	PGY1	2015	30	107	0	217	466	65	107	60.7	100	878	1562
Plastic Surgery (Integrated)	PGY1	2015	67	148	3	168	206	136	144	91.9	97.3	1768	1889
Psychiatry (Categorical)	PGY1	2015	211	1353	8	881	2445	774	1339	57.2	99	7974	14592
Psychiatry-Family Medicine	PGY1	2015	6	10	0	30	34	10	10	100	100	81	90
Psychiatry-Neurology	PGY1	2015	2	3	1	5	12	0	2	0	66.7	5	14
Radiation Oncology	PGY1	2015	9	17	2	109	119	14	15	82.4	88.2	173	187
Radiology-Diagnostic	PGY1	2015	36	133	9	457	721	67	120	50.4	90.2	1172	1784
Surgery (Categorical)	PGY1	2015	257	1224	2	1329	2414	979	1222	80	99.8	13920	17736
Surgery-Preliminary (PGY-1 Only)	PGY1	2015	294	1296	139	973	2002	476	821	36.7	63.3	3175	6616
Thoracic Surgery	PGY1	2015	27	35	0	64	104	28	35	80	100	543	664
Transitional (PGY-1 Only)	PGY1	2015	101	842	12	2219	2977	685	790	81.4	93.8	15726	18736
Vascular Surgery	PGY1	2015	49	57	2	58	122	48	55	84.2	96.5	782	965
Anesthesiology	PGY2	2015	78	506	14	1017	1581	315	469	62.3	92.7	5928	7976
Child Neurology	PGY2	2015	20	24	7	44	100	7	17	29.2	70.8	90	189
Dermatology	PGY2	2015	116	385	4	485	644	336	381	87.3	99	3568	4073
Neurodevelopmental Disabilities	PGY2	2015	3	5	2	6	9	1	2	20	40	11	16
Neurology	PGY2	2015	66	313	6	397	813	190	304	60.7	97.1	2292	3359
Nuclear Medicine	PGY2	2015	3	3	2	0	6	0	1	0	33.3	0	6
Physical Medicine & Rehab	PGY2	2015	61	282	3	228	576	127	279	45	98.9	1827	3801
Preventive Medicine	PGY2	2015	1	2	0	0	7	0	2	0	100	0	7
Psychiatry	PGY2	2015	1	1	1	3	5	0	0	0	0	3	5
Psychiatry-Neurology	PGY2	2015	1	1	0	4	5	1	1	100	100	4	5
Radiation Oncology	PGY2	2015	81	176	5	197	232	165	170	93.8	96.6	1984	2121
Radiology-Diagnostic	PGY2	2015	166	999	55	680	1141	579	862	58	86.3	8392	11524
Radiology-Nuclear Med	PGY2	2015	1	1	1	2	5	0	0	0	0	2	5
Anesthesiology	PGY1	2016	119	1127	23	1107	1748	774	1072	68.7	95.1	10497	13524
Child Neurology	PGY1	2016	64	116	6	111	185	90	109	77.6	94	1052	1281
Dermatology	PGY1	2016	9	21	0	174	182	21	21	100	100	259	268
Emergency Medicine	PGY1	2016	174	1895	1	1693	2476	1486	1894	78.4	99.9	19695	24134
Emergency Med-Family Med	PGY1	2016	2	4	0	15	35	2	4	50	100	18	39
Family Medicine	PGY1	2016	501	3238	73	1774	6117	1467	3083	45.3	95.2	17381	37164
Family Med-Preventive Med	PGY1	2016	3	6	0	17	60	1	6	16.7	100	18	64
Internal Medicine (Categorical)	PGY1	2016	444	7024	26	3885	11733	3291	6938	46.9	98.8	40454	80006
Medicine-Anesthesiology	PGY1	2016	3	5	0	20	20	5	5	100	100	24	24
Medicine-Dermatology	PGY1	2016	5	6	0	30	30	6	6	100	100	47	47
Medicine-Emergency Med	PGY1	2016	12	29	2	58	98	24	27	82.8	93.1	238	324
Medicine-Family Medicine	PGY1	2016	1	2	0	12	20	2	2	100	100	12	20
Medicine-Medical Genetics	PGY1	2016	3	1	1	0	6	0	0	0	0	0	11
Medicine-Pediatrics	PGY1	2016	79	386	1	422	607	329	384	85.2	99.5	4140	4752
Medicine-Preliminary (PGY-1 Only)	PGY1	2016	324	1918	47	3353	5427	1415	1818	73.8	94.8	47163	58679
Medicine-Preventive Med	PGY1	2016	5	7	1	38	111	3	6	42.9	85.7	38	162
Medicine-Primary	PGY1	2016	59	328	1	663	2056	210	325	64	99.1	2245	4004
Medicine-Psychiatry	PGY1	2016	11	23	0	40	79	19	23	82.6	100	137	200
Interventional Radiology (Integrated)	PGY1	2016	2	3	0	42	48	3	3	100	100	44	50
Neurodevelopmental Disabilities	PGY1	2016	3	2	0	5	7	2	2	100	100	10	13
Neurological Surgery	PGY1	2016	105	216	1	267	354	200	214	92.6	99.1	3795	4223
Neurology	PGY1	2016	87	443	2	465	1084	236	440	53.3	99.3	2812	4858
Obstetrics-Gynecology	PGY1	2016	237	1265	7	1111	1755	981	1257	77.5	99.4	13100	16568
OB/GYN-Preliminary (PGY-1 Only)	PGY1	2016	18	22	8	95	199	4	11	18.2	50	146	298
Orthopedic Surgery	PGY1	2016	163	717	0	874	1058	650	717	90.7	100	9286	10092
Otolaryngology	PGY1	2016	109	304	2	314	370	272	302	89.5	99.3	3751	4089
Pathology	PGY1	2016	156	579	18	270	890	248	549	42.8	94.8	2537	5717
Pediatrics (Categorical)	PGY1	2016	199	2689	8	2071	3869	1829	2675	68	99.5	22557	31471
Pediatrics-Anesthesiology	PGY1	2016	6	8	1	18	19	6	7	75	87.5	48	52
Pediatrics-Emergency Med	PGY1	2016	4	7	0	23	30	7	7	100	100	52	60
Pediatrics-Medical Genetics	PGY1	2016	13	14	0	21	38	10	14	71.4	100	87	112
Pediatrics-P M & R	PGY1	2016	3	4	0	11	18	3	4	75	100	21	29
Pediatrics-Preliminary	PGY1	2016	38	43	5	128	209	26	37	60.5	86	485	619
Pediatrics-Primary	PGY1	2016	13	79	0	336	750	34	79	43	100	490	970
Peds/Psych/Child Psych	PGY1	2016	9	20	0	43	54	18	20	90	100	165	186
Physical Medicine & Rehab	PGY1	2016	31	112	1	244	462	69	110	61.6	98.2	1062	1650
Plastic Surgery (Integrated)	PGY1	2016	69	152	1	178	216	133	151	87.5	99.3	1944	2090
Preventive Medicine	PGY1	2016	1	1	0	1	28	0	1	0	100	1	28
Psychiatry (Categorical)	PGY1	2016	220	1384	7	1007	2588	850	1373	61.4	99.2	9042	15517
Psychiatry-Family Medicine	PGY1	2016	6	10	0	34	42	9	10	90	100	89	104
Psychiatry-Neurology	PGY1	2016	2	3	0	8	15	3	3	100	100	10	17
Radiation Oncology	PGY1	2016	8	15	0	124	141	14	15	93.3	100	202	228
Radiology-Diagnostic	PGY1	2016	38	151	6	560	850	93	141	61.6	93.4	1356	2021
Surgery (Categorical)	PGY1	2016	260	1241	2	1300	2345	948	1239	76.4	99.8	13926	17814
Surgery-Preliminary (PGY-1 Only)	PGY1	2016	301	1308	140	1050	2123	511	843	39.1	64.4	4036	7519
Thoracic Surgery	PGY1	2016	29	38	1	65	103	31	37	81.6	97.4	540	651
Transitional (PGY-1 Only)	PGY1	2016	101	838	11	2154	2864	673	796	80.3	95	15367	17920
Vascular Surgery	PGY1	2016	48	56	0	75	123	49	56	87.5	100	985	1151
Anesthesiology	PGY2	2016	77	481	16	952	1540	290	441	60.3	91.7	5439	7788
Child Neurology	PGY2	2016	16	18	2	63	104	8	16	44.4	88.9	120	173
Dermatology	PGY2	2016	113	399	9	474	619	341	389	85.5	97.5	3528	3963
Interventional Radiology (Integrated)	PGY2	2016	5	11	0	105	135	11	11	100	100	142	175
Neurodevelopmental Disabilities	PGY2	2016	4	5	4	5	7	0	0	0	0	8	10
Neurology	PGY2	2016	63	304	6	436	877	201	298	66.1	98	2442	3568
Nuclear Medicine	PGY2	2016	3	3	2	0	5	0	1	0	33.3	0	7
Physical Medicine & Rehab	PGY2	2016	62	290	5	254	577	153	283	52.8	97.6	2331	3963
Preventive Medicine	PGY2	2016	1	2	0	0	6	0	2	0	100	0	6
Psychiatry	PGY2	2016	1	1	0	4	5	1	1	100	100	4	5
Radiation Oncology	PGY2	2016	77	168	1	191	223	155	167	92.3	99.4	1889	2085
Radiology-Diagnostic	PGY2	2016	164	982	24	805	1360	661	947	67.3	96.4	9186	12499
Radiology-Nuclear Med	PGY2	2016	3	3	0	16	28	2	3	66.7	100	18	33
Anesthesiology	PGY1	2017	124	1202	18	1075	1843	803	1146	66.8	95.3	10531	14303
Child Neurology	PGY1	2017	69	128	8	118	205	97	119	75.8	93	1180	1458
Dermatology	PGY1	2017	11	26	0	216	239	24	26	92.3	100	321	344
Emergency Medicine	PGY1	2017	191	2047	4	1845	2703	1601	2041	78.2	99.7	21375	26345
Emergency Med-Family Med	PGY1	2017	2	4	0	20	28	2	4	50	100	25	34
Family Medicine	PGY1	2017	520	3356	67	1797	6030	1513	3215	45.1	95.8	18321	37806
Family Med-Preventive Med	PGY1	2017	3	6	0	24	44	5	6	83.3	100	27	47
Internal Medicine (Categorical)	PGY1	2017	467	7233	38	3837	11666	3245	7101	44.9	98.2	40985	81010
Medicine-Anesthesiology	PGY1	2017	3	6	2	17	20	4	4	66.7	66.7	18	21
Medicine-Dermatology	PGY1	2017	5	6	0	30	33	6	6	100	100	50	56
Medicine-Emergency Med	PGY1	2017	11	26	0	63	95	21	26	80.8	100	229	294
Medicine-Family Medicine	PGY1	2017	1	2	0	5	7	2	2	100	100	5	7
Medicine-Medical Genetics	PGY1	2017	5	2	1	4	8	1	1	50	50	6	11
Medicine-Pediatrics	PGY1	2017	78	381	13	342	507	291	356	76.4	93.4	3568	4191
Medicine-Preliminary (PGY-1 Only)	PGY1	2017	337	1915	32	3362	5585	1436	1843	75	96.2	51147	62395
Medicine-Preventive Med	PGY1	2017	5	8	1	38	109	2	6	25	75	42	156
Medicine-Primary	PGY1	2017	65	341	0	713	1890	224	341	65.7	100	2590	4068
Medicine-Psychiatry	PGY1	2017	12	24	0	52	96	15	24	62.5	100	172	243
Interventional Radiology (Integrated)	PGY1	2017	17	29	2	191	221	23	27	79.3	93.1	401	446
Neurodevelopmental Disabilities	PGY1	2017	3	3	0	8	10	3	3	100	100	16	18
Neurological Surgery	PGY1	2017	107	218	0	212	311	183	218	83.9	100	3393	3901
Neurology	PGY1	2017	94	492	8	451	1062	249	479	50.6	97.4	3010	5242
Obstetrics-Gynecology	PGY1	2017	241	1288	0	1202	1753	1049	1288	81.4	100	13779	16755
OB/GYN-Preliminary (PGY-1 Only)	PGY1	2017	19	23	8	142	202	6	14	26.1	60.9	272	373
Orthopedic Surgery	PGY1	2017	165	727	1	845	1013	668	726	91.9	99.9	9169	9755
Otolaryngology	PGY1	2017	110	305	10	303	331	279	291	91.5	95.4	3993	4149
Pathology	PGY1	2017	159	601	33	232	846	216	545	35.9	90.7	2379	5753
Pediatrics (Categorical)	PGY1	2017	204	2738	13	2056	3763	1849	2693	67.5	98.4	22843	31730
Pediatrics-Anesthesiology	PGY1	2017	7	9	1	24	26	7	8	77.8	88.9	55	57
Pediatrics-Emergency Med	PGY1	2017	4	10	1	22	35	5	9	50	90	54	75
Pediatrics-Medical Genetics	PGY1	2017	16	15	2	15	31	8	13	53.3	86.7	77	117
Pediatrics-P M & R	PGY1	2017	3	2	0	9	9	2	2	100	100	15	15
Pediatrics-Preliminary	PGY1	2017	29	34	5	119	171	23	27	67.6	79.4	401	508
Pediatrics-Primary	PGY1	2017	13	83	1	358	782	31	82	37.3	98.8	531	1039
Peds/Psych/Child Psych	PGY1	2017	9	21	0	43	56	19	21	90.5	100	177	198
Physical Medicine & Rehab	PGY1	2017	32	119	1	294	525	74	118	62.2	99.2	1190	1967
Plastic Surgery (Integrated)	PGY1	2017	73	159	2	200	246	148	157	93.1	98.7	2176	2362
Preventive Medicine	PGY1	2017	1	1	0	0	22	0	1	0	100	0	22
Psychiatry (Categorical)	PGY1	2017	236	1495	3	1067	2614	923	1491	61.7	99.7	10159	16724
Psychiatry-Family Medicine	PGY1	2017	6	10	0	38	47	8	10	80	100	91	111
Psychiatry-Neurology	PGY1	2017	4	6	2	13	15	3	3	50	50	22	25
Radiation Oncology	PGY1	2017	8	16	0	135	146	16	16	100	100	223	236
Radiology-Diagnostic	PGY1	2017	33	121	1	570	851	73	120	60.3	99.2	1405	2043
Surgery (Categorical)	PGY1	2017	267	1281	3	1383	2388	1005	1276	78.5	99.6	14840	18323
Surgery-Preliminary (PGY-1 Only)	PGY1	2017	311	1325	149	1119	2158	522	817	39.4	61.7	4605	8009
Thoracic Surgery	PGY1	2017	28	37	2	72	105	30	34	81.1	91.9	523	607
Transitional (PGY-1 Only)	PGY1	2017	110	908	12	2297	3155	718	873	79.1	96.1	17044	20204
Vascular Surgery	PGY1	2017	51	60	1	70	108	48	59	80	98.3	948	1064
Anesthesiology	PGY2	2017	71	441	12	864	1504	229	414	51.9	93.9	4760	7249
Child Neurology	PGY2	2017	11	11	2	61	91	5	9	45.5	81.8	94	133
Dermatology	PGY2	2017	121	423	7	479	651	346	415	81.8	98.1	3606	4115
Interventional Radiology (Integrated)	PGY2	2017	49	95	4	273	342	82	91	86.3	95.8	1493	1639
Neurodevelopmental Disabilities	PGY2	2017	3	4	1	7	11	3	3	75	75	12	17
Neurology	PGY2	2017	58	294	7	394	819	185	284	62.9	96.6	2279	3359
Nuclear Medicine	PGY2	2017	3	4	0	0	12	0	4	0	100	0	17
Physical Medicine & Rehab	PGY2	2017	62	294	0	306	633	181	294	61.6	100	2455	4049
Radiation Oncology	PGY2	2017	83	177	4	204	231	164	173	92.7	97.7	2117	2216
Radiology-Diagnostic	PGY2	2017	169	932	8	909	1497	667	917	71.6	98.4	10253	13599
Radiology-Nuclear Med	PGY2	2017	2	2	0	4	13	1	2	50	100	4	15
Anesthesiology	PGY1	2018	132	1253	9	1180	2011	861	1226	68.7	97.8	11746	16071
Child Neurology	PGY1	2018	68	134	5	113	192	101	129	75.4	96.3	1217	1513
Dermatology	PGY1	2018	11	25	1	189	212	22	23	88	92	277	306
Emergency Medicine	PGY1	2018	220	2278	10	1838	2901	1606	2265	70.5	99.4	21931	28675
Emergency Med-Anesthesiology	PGY1	2018	1	2	0	3	3	2	2	100	100	3	3
Emergency Med-Family Med	PGY1	2018	2	4	0	15	27	3	4	75	100	18	31
Family Medicine	PGY1	2018	557	3629	56	1943	6421	1628	3510	44.9	96.7	20349	40851
Family Medicine-ONMM	PGY1	2018	1	4	0	0	10	0	4	0	100	0	10
Family Med-Preventive Med	PGY1	2018	3	3	0	20	37	3	3	100	100	23	43
Internal Medicine (Categorical)	PGY1	2018	517	7542	55	3737	11917	3195	7363	42.4	97.6	41861	84634
Medicine-Anesthesiology	PGY1	2018	3	6	0	25	32	6	6	100	100	27	34
Medicine-Dermatology	PGY1	2018	5	6	1	34	35	5	5	83.3	83.3	58	59
Medicine-Emergency Med	PGY1	2018	11	26	0	60	94	22	26	84.6	100	267	344
Medicine-Family Medicine	PGY1	2018	1	2	0	7	14	2	2	100	100	7	14
Medicine-Medical Genetics	PGY1	2018	3	1	0	2	3	1	1	100	100	4	6
Medicine-Pediatrics	PGY1	2018	77	382	5	374	580	306	377	80.1	98.7	3846	4614
Medicine-Preliminary (PGY-1 Only)	PGY1	2018	349	1883	47	3426	5524	1370	1762	72.8	93.6	52881	65611
Medicine-Preventivel Med	PGY1	2018	3	6	0	29	79	4	6	66.7	100	31	84
Medicine-Primary	PGY1	2018	69	374	1	763	1951	229	372	61.2	99.5	2772	4345
Medicine-Psychiatry	PGY1	2018	12	24	0	48	88	20	24	83.3	100	166	248
Interventional Radiology (Integrated)	PGY1	2018	19	35	0	217	255	34	35	97.1	100	593	652
Neurodevelopmental Disabilities	PGY1	2018	4	4	0	7	11	3	4	75	100	15	20
Neurological Surgery	PGY1	2018	110	225	0	240	325	203	225	90.2	100	3591	3926
Neurology	PGY1	2018	104	552	10	501	1143	280	539	50.7	97.6	3408	5907
Obstetrics-Gynecology	PGY1	2018	255	1336	4	1228	1879	1051	1330	78.7	99.6	14248	17843
OB/GYN-Preliminary (PGY-1 Only)	PGY1	2018	17	21	6	159	245	6	11	28.6	52.4	236	373
Orthopedic Surgery	PGY1	2018	171	742	4	849	1017	691	738	93.1	99.5	9644	10228
Osteo Neuromusculoskeletal Med	PGY1	2018	1	2	0	0	5	0	2	0	100	0	5
Otolaryngology	PGY1	2018	112	315	11	299	333	284	303	90.2	96.2	4173	4307
Pathology	PGY1	2018	163	601	25	237	866	220	568	36.6	94.5	2428	6119
Pediatrics (Categorical)	PGY1	2018	211	2768	23	1934	3647	1746	2711	63.1	97.9	22486	31930
Pediatrics-Anesthesiology	PGY1	2018	6	7	0	15	21	6	7	85.7	100	43	49
Pediatrics-Emergency Med	PGY1	2018	4	8	0	27	42	4	8	50	100	54	83
Pediatrics-Medical Genetics	PGY1	2018	16	20	1	17	29	14	18	70	90	125	148
Pediatrics-P M & R	PGY1	2018	3	3	0	8	13	3	3	100	100	14	20
Pediatrics-Preliminary	PGY1	2018	20	19	4	113	154	10	14	52.6	73.7	299	371
Pediatrics-Primary	PGY1	2018	14	90	2	400	834	36	86	40	95.6	582	1113
Peds/Psych/Child Psych	PGY1	2018	9	21	1	52	65	17	20	81	95.2	170	195
Physical Medicine & Rehab	PGY1	2018	35	133	0	271	525	76	133	57.1	100	1236	2061
Plastic Surgery (Integrated)	PGY1	2018	77	168	1	185	229	156	167	92.9	99.4	2303	2480
Preventive Medicine	PGY1	2018	1	1	0	1	13	0	1	0	100	1	13
Psychiatry (Categorical)	PGY1	2018	256	1556	7	1236	2739	982	1540	63.1	99	11428	17832
Psychiatry-Family Medicine	PGY1	2018	7	12	0	42	63	12	12	100	100	107	143
Psychiatry-Neurology	PGY1	2018	4	4	1	10	16	3	3	75	75	14	23
Radiation Oncology	PGY1	2018	8	16	1	132	136	15	15	93.8	93.8	216	221
Radiology-Diagnostic	PGY1	2018	34	125	0	632	981	77	125	61.6	100	1414	2175
Surgery (Categorical)	PGY1	2018	281	1319	3	1351	2391	1005	1314	76.2	99.6	14926	18946
Surgery-Preliminary (PGY-1 Only)	PGY1	2018	325	1363	151	1174	2228	567	888	41.6	65.2	6292	9647
Thoracic Surgery	PGY1	2018	28	36	0	72	107	31	36	86.1	100	543	643
Transitional (PGY-1 Only)	PGY1	2018	131	1086	19	2424	3559	772	1016	71.1	93.6	19215	23429
Vascular Surgery	PGY1	2018	52	60	2	61	91	50	58	83.3	96.7	949	1070
Anesthesiology	PGY2	2018	75	447	4	919	1601	246	442	55	98.9	5143	7781
Child Neurology	PGY2	2018	7	8	1	58	87	3	7	37.5	87.5	82	118
Dermatology	PGY2	2018	122	426	4	463	651	348	420	81.7	98.6	3643	4334
Interventional Radiology (Integrated)	PGY2	2018	51	98	0	279	352	93	98	94.9	100	1598	1760
Neurodevelopmental Disabilities	PGY2	2018	3	4	2	6	11	2	2	50	50	10	16
Neurology	PGY2	2018	55	287	2	430	928	190	283	66.2	98.6	2310	3486
Nuclear Medicine	PGY2	2018	2	3	0	0	8	0	3	0	100	0	11
Physical Medicine & Rehab	PGY2	2018	61	281	0	278	614	166	281	59.1	100	2320	3945
Radiation Oncology	PGY2	2018	85	177	5	194	222	162	172	91.5	97.2	2102	2204
Radiology-Diagnostic	PGY2	2018	171	944	4	1000	1603	683	939	72.4	99.5	10842	14373
Radiology-Nuclear Med	PGY2	2018	3	3	0	12	19	1	3	33.3	100	13	23
Anesthesiology	PGY1	2019	142	1337	4	1270	2226	907	1316	67.8	98.4	12778	17741
Child Neurology	PGY1	2019	71	145	12	114	205	102	133	70.3	91.7	1208	1545
Dermatology	PGY1	2019	13	30	1	217	265	23	28	76.7	93.3	311	369
Emergency Medicine	PGY1	2019	238	2488	15	1823	3048	1617	2458	65	98.8	22443	31280
Emergency Med-Anesthesiology	PGY1	2019	1	1	0	2	8	0	1	0	100	2	8
Emergency Med-Family Med	PGY1	2019	2	4	0	21	38	1	4	25	100	25	43
Family Medicine	PGY1	2019	641	4107	115	1927	6652	1601	3827	39	93.2	20801	45408
Family Medicine-ONMM	PGY1	2019	1	1	0	0	8	0	1	0	100	0	8
Family Med-Preventive Med	PGY1	2019	3	4	0	15	40	3	4	75	100	16	42
Internal Medicine (Categorical)	PGY1	2019	564	8116	60	3966	12527	3366	7892	41.5	97.2	44355	91178
Medicine-Anesthesiology	PGY1	2019	3	5	1	20	26	4	4	80	80	24	30
Medicine-Dermatology	PGY1	2019	5	7	0	29	30	6	7	85.7	100	54	55
Medicine-Emergency Med	PGY1	2019	11	26	0	58	92	20	26	76.9	100	263	330
Medicine-Medical Genetics	PGY1	2019	4	3	2	4	11	1	1	33.3	33.3	4	14
Medicine-Pediatrics	PGY1	2019	78	390	5	372	591	315	383	80.8	98.2	3989	4759
Medicine-Preliminary (PGY-1 Only)	PGY1	2019	369	1944	60	3403	5636	1356	1796	69.8	92.4	50859	62716
Medicine-Preventive Med	PGY1	2019	4	6	0	28	104	2	6	33.3	100	28	104
Medicine-Primary	PGY1	2019	79	396	4	766	2218	239	386	60.4	97.5	2808	4722
Medicine-Psychiatry	PGY1	2019	12	23	0	55	105	18	23	78.3	100	171	272
Interventional Radiology (Integrated)	PGY1	2019	21	37	0	212	269	30	37	81.1	100	618	711
Neurodevelopmental Disabilities	PGY1	2019	4	4	0	10	16	3	4	75	100	21	32
Neurological Surgery	PGY1	2019	112	232	1	265	341	213	231	91.8	99.6	3925	4207
Neurology	PGY1	2019	114	617	13	484	1152	284	594	46	96.3	3769	6879
Obstetrics-Gynecology	PGY1	2019	267	1395	2	1284	2026	1049	1392	75.2	99.8	14433	18712
OB/GYN-Preliminary (PGY-1 Only)	PGY1	2019	14	18	6	162	214	4	9	22.2	50	265	347
Orthopedic Surgery	PGY1	2019	175	755	2	830	1037	693	752	91.8	99.6	9737	10350
Osteo Neuromusculoskeletal Med	PGY1	2019	1	2	1	0	3	0	0	0	0	0	3
Otolaryngology	PGY1	2019	120	328	0	398	462	308	328	93.9	100	4658	4954
Pathology	PGY1	2019	162	601	21	216	924	201	569	33.4	94.7	2114	6071
Pediatrics (Categorical)	PGY1	2019	220	2847	29	1901	3638	1715	2778	60.2	97.6	22826	33690
Pediatrics-Anesthesiology	PGY1	2019	5	7	0	20	22	6	7	85.7	100	51	53
Pediatrics-Emergency Med	PGY1	2019	4	8	0	24	36	6	8	75	100	57	80
Pediatrics-Medical Genetics	PGY1	2019	18	21	4	24	43	14	16	66.7	76.2	132	172
Pediatrics-P M & R	PGY1	2019	3	4	1	8	13	2	3	50	75	13	19
Pediatrics-Preliminary	PGY1	2019	21	24	4	100	153	12	19	50	79.2	376	475
Pediatrics-Primary	PGY1	2019	14	90	1	405	880	36	89	40	98.9	629	1205
Peds/Psych/Child Psych	PGY1	2019	9	21	0	51	65	20	21	95.2	100	188	214
Physical Medicine & Rehab	PGY1	2019	37	138	0	247	538	69	138	50	100	1156	2072
Plastic Surgery (Integrated)	PGY1	2019	78	172	0	188	234	158	172	91.9	100	2314	2487
Preventive Medicine	PGY1	2019	1	1	0	0	20	0	1	0	100	0	20
Psychiatry (Categorical)	PGY1	2019	298	1740	13	1257	2767	1054	1720	60.6	98.9	12666	20430
Psychiatry-Family Medicine	PGY1	2019	7	12	0	43	55	12	12	100	100	132	152
Psychiatry-Neurology	PGY1	2019	4	4	1	8	14	3	3	75	75	11	20
Radiation Oncology	PGY1	2019	6	15	1	115	124	13	14	86.7	93.3	164	174
Radiology-Diagnostic	PGY1	2019	32	123	1	595	940	73	122	59.3	99.2	1418	2075
Surgery (Categorical)	PGY1	2019	304	1432	0	1388	2563	1053	1432	73.5	100	15873	20820
Surgery-Preliminary (PGY-1 Only)	PGY1	2019	253	1158	151	939	1948	277	581	23.9	50.2	5867	8935
Thoracic Surgery	PGY1	2019	28	37	0	80	120	34	37	91.9	100	555	675
Transitional (PGY-1 Only)	PGY1	2019	152	1252	36	2379	3671	788	1101	62.9	87.9	19259	25209
Vascular Surgery	PGY1	2019	55	66	2	59	111	52	64	78.8	97	885	1141
Anesthesiology	PGY2	2019	71	428	6	966	1718	246	420	57.5	98.1	5299	7892
Child Neurology	PGY2	2019	9	11	2	51	90	1	9	9.1	81.8	66	109
Dermatology	PGY2	2019	128	447	2	488	701	370	444	82.8	99.3	3903	4587
Interventional Radiology (Integrated)	PGY2	2019	61	113	0	237	319	101	113	89.4	100	1659	1891
Neurodevelopmental Disabilities	PGY2	2019	4	5	2	10	15	2	3	40	60	16	23
Neurology	PGY2	2019	52	281	8	417	867	175	266	62.3	94.7	2165	3287
Osteo Neuromusculoskeletal Med	PGY2	2019	2	4	1	0	3	0	3	0	75	0	3
Physical Medicine & Rehab	PGY2	2019	65	308	3	254	593	151	305	49	99	2095	4038
Radiation Oncology	PGY2	2019	86	192	21	163	192	147	163	76.6	84.9	2034	2186
Radiology-Diagnostic	PGY2	2019	178	965	10	925	1520	665	950	68.9	98.4	10792	14322
Radiology-Nuclear Med	PGY2	2019	2	2	0	8	12	1	2	50	100	12	16
Anesthesiology	PGY1	2020	153	1370	1	1372	2418	936	1369	68.3	99.9	13809	19359
Child Neurology	PGY1	2020	73	159	7	123	213	111	151	69.8	95	1338	1760
Dermatology	PGY1	2020	14	31	0	195	239	23	31	74.2	100	304	367
Emergency Medicine	PGY1	2020	256	2665	7	1935	3323	1713	2652	64.3	99.5	23489	33785
Emergency Med-Anesthesiology	PGY1	2020	1	0	0	1	1	0	0	0	0	1	1
Emergency Med-Family Med	PGY1	2020	3	6	0	15	39	2	6	33.3	100	23	53
Family Medicine	PGY1	2020	706	4662	144	1823	7175	1543	4313	33.1	92.5	20091	51983
Family Medicine-ONMM	PGY1	2020	1	2	0	0	12	0	2	0	100	0	12
Family Med-Preventive Med	PGY1	2020	3	3	1	9	11	2	2	66.7	66.7	10	12
Internal Medicine (Categorical)	PGY1	2020	587	8697	69	4131	13118	3496	8324	40.2	95.7	45621	97309
Medicine-Anesthesiology	PGY1	2020	2	3	0	13	19	3	3	100	100	14	21
Medicine-Dermatology	PGY1	2020	5	6	1	23	25	5	5	83.3	83.3	50	52
Medicine-Emergency Med	PGY1	2020	12	30	0	59	111	19	30	63.3	100	258	379
Medicine-Medical Genetics	PGY1	2020	5	4	1	4	8	2	3	50	75	6	10
Medicine-Pediatrics	PGY1	2020	77	390	4	399	606	316	381	81	97.7	4078	4797
Medicine-Preliminary (PGY-1 Only)	PGY1	2020	365	1911	61	3402	5692	1313	1759	68.7	92	48009	60471
Medicine-Preventive Med	PGY1	2020	4	7	0	44	113	4	7	57.1	100	48	117
Medicine-Primary	PGY1	2020	85	430	3	855	2547	247	423	57.4	98.4	2888	5498
Medicine-Psychiatry	PGY1	2020	11	23	0	52	90	18	23	78.3	100	186	234
Interventional Radiology (Integrated)	PGY1	2020	22	38	1	152	206	25	37	65.8	97.4	508	613
Neurodevelopmental Disabilities	PGY1	2020	4	4	0	9	20	3	4	75	100	20	41
Neurological Surgery	PGY1	2020	112	232	0	273	397	203	232	87.5	100	3879	4471
Neurology	PGY1	2020	126	682	11	490	1226	317	665	46.5	97.5	4107	7525
Obstetrics-Gynecology	PGY1	2020	275	1443	2	1292	2014	1089	1440	75.5	99.8	14699	18965
OB/GYN-Preliminary (PGY-1 Only)	PGY1	2020	15	18	6	147	211	3	9	16.7	50	215	301
Orthopedic Surgery	PGY1	2020	203	849	5	867	1192	686	844	80.8	99.4	9744	11191
Osteo Neuromusculoskeletal Med	PGY1	2020	3	10	2	0	18	0	8	0	80	0	26
Otolaryngology	PGY1	2020	129	350	2	421	505	310	348	88.6	99.4	4812	5242
Pathology	PGY1	2020	164	603	11	229	917	204	587	33.8	97.3	2339	6605
Pediatrics (Categorical)	PGY1	2020	222	2864	24	1943	3728	1731	2812	60.4	98.2	23304	34732
Pediatrics-Anesthesiology	PGY1	2020	5	7	0	14	21	7	7	100	100	42	52
Pediatrics-Emergency Med	PGY1	2020	4	8	0	26	36	5	8	62.5	100	63	84
Pediatrics-Medical Genetics	PGY1	2020	20	22	2	21	35	13	20	59.1	90.9	114	165
Pediatrics-P M & R	PGY1	2020	3	4	0	9	18	2	4	50	100	14	27
Pediatrics-Preliminary	PGY1	2020	21	19	5	86	118	9	12	47.4	63.2	359	402
Pediatrics-Primary	PGY1	2020	15	92	1	368	871	36	90	39.1	97.8	540	1154
Peds/Psych/Child Psych	PGY1	2020	9	22	0	54	64	20	22	90.9	100	198	221
Physical Medicine & Rehab	PGY1	2020	39	151	0	275	550	81	151	53.6	100	1326	2255
Plastic Surgery (Integrated)	PGY1	2020	84	180	0	236	291	165	180	91.7	100	2794	2990
Preventive Medicine	PGY1	2020	1	1	0	2	17	0	1	0	100	2	17
Psychiatry (Categorical)	PGY1	2020	310	1858	12	1314	2798	1138	1838	61.2	98.9	13689	21070
Psychiatry-Family Medicine	PGY1	2020	7	12	0	47	63	10	12	83.3	100	144	161
Psychiatry-Neurology	PGY1	2020	3	2	0	10	13	2	2	100	100	16	23
Radiation Oncology	PGY1	2020	6	14	1	96	119	8	11	57.1	78.6	143	180
Radiology-Diagnostic	PGY1	2020	33	123	4	568	899	50	116	40.7	94.3	1326	1999
Surgery (Categorical)	PGY1	2020	328	1536	4	1378	2713	1033	1531	67.3	99.7	15493	21980
Surgery-Preliminary (PGY-1 Only)	PGY1	2020	258	1174	174	939	1962	290	583	24.7	49.7	6214	9586
Thoracic Surgery	PGY1	2020	29	38	0	78	120	32	38	84.2	100	551	655
Transitional (PGY-1 Only)	PGY1	2020	176	1436	44	2383	3801	822	1230	57.2	85.7	20724	28629
Vascular Surgery	PGY1	2020	59	75	1	82	153	61	73	81.3	97.3	1238	1467
Anesthesiology	PGY2	2020	62	398	1	1038	1743	265	396	66.6	99.5	5353	7644
Child Neurology	PGY2	2020	7	9	3	41	69	1	6	11.1	66.7	45	77
Dermatology	PGY2	2020	137	478	6	471	699	368	469	77	98.1	3979	4879
Interventional Radiology (Integrated)	PGY2	2020	64	118	6	171	238	94	111	79.7	94.1	1547	1797
Neurodevelopmental Disabilities	PGY2	2020	2	3	1	4	6	1	1	33.3	33.3	5	8
Neurology	PGY2	2020	44	244	1	413	813	148	240	60.7	98.4	2056	3057
Nuclear Medicine	PGY2	2020	1	1	1	1	3	0	0	0	0	1	3
Osteo Neuromusculoskeletal Med	PGY2	2020	3	7	2	0	9	0	2	0	28.6	0	16
Physical Medicine & Rehab	PGY2	2020	66	316	1	278	628	164	312	51.9	98.7	2271	4255
Radiation Oncology	PGY2	2020	82	175	23	128	184	114	143	65.1	81.7	1592	1931
Radiology-Diagnostic	PGY2	2020	179	990	18	870	1480	660	967	66.7	97.7	10628	14321
Radiology-Nuclear Med	PGY2	2020	3	3	1	15	29	1	2	33.3	66.7	19	36
Anesthesiology	PGY1	2021	159	1460	2	1460	2706	1024	1457	70.1	99.8	15977	23046
Child Neurology	PGY1	2021	77	159	10	109	218	100	147	62.9	92.5	1475	2109
Dermatology	PGY1	2021	13	30	0	214	265	25	30	83.3	100	345	423
Emergency Medicine	PGY1	2021	273	2840	9	2081	3734	1765	2826	62.1	99.5	26746	41202
Emergency Med-Anesthesiology	PGY1	2021	1	2	0	4	5	2	2	100	100	4	5
Emergency Med-Family Med	PGY1	2021	3	7	0	17	34	5	7	71.4	100	25	53
Family Medicine	PGY1	2021	729	4823	130	1837	7496	1606	4472	33.3	92.7	23779	62366
Family Med-Preventive Med	PGY1	2021	2	2	0	7	13	1	2	50	100	10	16
Internal Medicine (Categorical)	PGY1	2021	607	9024	76	4124	13787	3523	8632	39	95.7	51491	109427
Medicine-Anesthesiology	PGY1	2021	2	4	0	16	23	4	4	100	100	17	24
Medicine-Dermatology	PGY1	2021	5	8	1	27	32	7	7	87.5	87.5	67	80
Medicine-Emergency Med	PGY1	2021	12	31	0	65	122	19	31	61.3	100	332	492
Medicine-Medical Genetics	PGY1	2021	4	4	0	7	13	3	4	75	100	17	28
Medicine-Pediatrics	PGY1	2021	77	385	0	388	603	313	385	81.3	100	4466	5571
Medicine-Preliminary (PGY-1 Only)	PGY1	2021	356	1833	79	3347	5640	1210	1639	66	89.4	54107	67561
Medicine-Preventive Med	PGY1	2021	2	5	0	25	100	2	5	40	100	27	103
Medicine-Primary	PGY1	2021	82	441	1	817	2561	251	437	56.9	99.1	3141	5642
Medicine-Psychiatry	PGY1	2021	12	24	0	69	94	22	24	91.7	100	266	315
Interventional Radiology (Integrated)	PGY1	2021	23	41	3	162	221	30	38	73.2	92.7	583	713
Neurodevelopmental Disabilities	PGY1	2021	4	6	0	10	22	3	6	50	100	24	45
Neurological Surgery	PGY1	2021	115	234	0	269	402	198	234	84.6	100	4312	4960
Neurology	PGY1	2021	127	715	7	562	1441	358	702	50.1	98.2	5372	9840
Obstetrics-Gynecology	PGY1	2021	279	1460	2	1292	2030	1088	1457	74.5	99.8	15287	20094
OB/GYN-Preliminary (PGY-1 Only)	PGY1	2021	15	18	4	132	195	6	12	33.3	66.7	200	296
Orthopedic Surgery	PGY1	2021	208	868	2	934	1289	699	866	80.5	99.8	10093	11955
Osteo Neuromusculoskeletal Med	PGY1	2021	4	12	4	0	18	0	3	0	25	0	29
Otolaryngology	PGY1	2021	129	350	0	454	559	310	350	88.6	100	5361	5880
Pathology	PGY1	2021	165	611	14	212	945	198	589	32.4	96.4	2661	7468
Pediatrics (Categorical)	PGY1	2021	222	2901	17	1969	3976	1749	2860	60.3	98.6	25828	39064
Pediatrics-Anesthesiology	PGY1	2021	5	8	0	14	19	8	8	100	100	42	48
Pediatrics-Emergency Med	PGY1	2021	4	8	0	25	40	7	8	87.5	100	56	79
Pediatrics-Medical Genetics	PGY1	2021	20	27	2	23	44	19	25	70.4	92.6	194	254
Pediatrics-P M & R	PGY1	2021	3	2	0	9	15	2	2	100	100	16	24
Pediatrics-Preliminary	PGY1	2021	20	24	2	100	150	16	22	66.7	91.7	570	659
Pediatrics-Primary	PGY1	2021	14	75	1	368	790	39	74	52	98.7	556	1054
Peds/Psych/Child Psych	PGY1	2021	9	21	0	46	62	19	21	90.5	100	185	210
Physical Medicine & Rehab	PGY1	2021	39	157	1	284	589	88	156	56.1	99.4	1465	2588
Plastic Surgery (Integrated)	PGY1	2021	85	187	0	239	329	167	187	89.3	100	2719	3047
Psychiatry (Categorical)	PGY1	2021	317	1907	1	1415	2948	1205	1904	63.2	99.8	15392	23284
Psychiatry-Family Medicine	PGY1	2021	7	12	0	50	63	11	12	91.7	100	130	150
Psychiatry-Neurology	PGY1	2021	4	4	0	13	17	1	4	25	100	29	38
Radiation Oncology	PGY1	2021	7	15	1	89	124	7	12	46.7	80	168	225
Radiology-Diagnostic	PGY1	2021	32	122	1	615	989	71	118	58.2	96.7	1550	2400
Surgery (Categorical)	PGY1	2021	331	1569	3	1405	2908	1029	1564	65.6	99.7	17076	24269
Surgery-Preliminary (PGY-1 Only)	PGY1	2021	249	1136	145	858	1989	272	612	23.9	53.9	6983	11324
Thoracic Surgery	PGY1	2021	35	46	1	89	129	43	45	93.5	97.8	832	958
Transitional (PGY-1 Only)	PGY1	2021	184	1497	49	2455	4063	845	1272	56.4	85	27767	38826
Vascular Surgery	PGY1	2021	64	79	0	94	181	65	79	82.3	100	1616	1994
Anesthesiology	PGY2	2021	57	339	0	1030	1874	211	339	62.2	100	5520	8246
Child Neurology	PGY2	2021	6	8	2	39	75	1	6	12.5	75	48	92
Dermatology	PGY2	2021	138	477	5	517	734	382	471	80.1	98.7	4290	5188
Interventional Radiology (Integrated)	PGY2	2021	66	121	3	179	257	97	117	80.2	96.7	1762	2076
Neurodevelopmental Disabilities	PGY2	2021	3	4	1	6	13	1	2	25	50	10	19
Neurology	PGY2	2021	43	254	1	467	951	167	253	65.7	99.6	2463	3667
Nuclear Medicine	PGY2	2021	1	1	1	0	2	0	0	0	0	0	2
Osteo Neuromusculoskeletal Med	PGY2	2021	3	7	3	0	12	0	3	0	42.9	0	18
Physical Medicine & Rehab	PGY2	2021	68	327	1	302	680	167	325	51.1	99.4	2706	4910
Radiation Oncology	PGY2	2021	84	173	28	104	175	94	138	54.3	79.8	1678	2248
Radiology-Diagnostic	PGY2	2021	177	986	5	958	1657	670	979	68	99.3	12181	16883
Radiology-Nuclear Med	PGY2	2021	2	2	0	8	22	1	2	50	100	9	26
Anesthesiology	PGY1	2022	165	1509	1	1489	2691	1054	1508	69.8	99.9	15846	22181
Child Neurology	PGY1	2022	75	166	14	118	231	102	150	61.4	90.4	1588	2198
Dermatology	PGY1	2022	14	30	1	240	302	24	28	80	93.3	342	440
Emergency Medicine	PGY1	2022	277	2921	69	1695	3081	1593	2702	54.5	92.5	24562	38174
Emergency Med-Anesthesiology	PGY1	2022	1	2	0	3	6	1	2	50	100	3	6
Emergency Med-Family Med	PGY1	2022	3	7	0	17	38	4	7	57.1	100	23	52
Family Medicine	PGY1	2022	745	4916	176	1789	7425	1541	4451	31.3	90.5	22939	63480
Family Med-Preventive Med	PGY1	2022	2	2	0	9	22	0	2	0	100	9	23
Internal Medicine (Categorical)	PGY1	2022	641	9380	91	4120	13844	3491	8915	37.2	95	52100	113873
Medicine-Anesthesiology	PGY1	2022	2	3	0	15	20	2	3	66.7	100	15	20
Medicine-Dermatology	PGY1	2022	5	8	0	34	42	7	8	87.5	100	63	76
Medicine-Emergency Med	PGY1	2022	12	31	0	72	120	22	31	71	100	347	489
Medicine-Medical Genetics	PGY1	2022	5	5	2	9	17	3	3	60	60	18	28
Medicine-Pediatrics	PGY1	2022	78	392	0	403	587	332	392	84.7	100	4666	5468
Medicine-Preliminary (PGY-1 Only)	PGY1	2022	353	1774	52	3644	5804	1261	1624	71.1	91.5	56793	70290
Medicine-Preventive Med	PGY1	2022	4	8	0	31	108	5	8	62.5	100	33	116
Medicine-Primary	PGY1	2022	86	429	3	851	2382	248	424	57.8	98.8	3168	5241
Medicine-Psychiatry	PGY1	2022	12	24	0	63	95	20	24	83.3	100	258	317
Interventional Radiology (Integrated)	PGY1	2022	24	45	0	174	246	37	45	82.2	100	703	885
Neurodevelopmental Disabilities	PGY1	2022	4	5	0	18	27	3	5	60	100	42	56
Neurological Surgery	PGY1	2022	115	240	0	275	391	202	240	84.2	100	4361	4955
Neurology	PGY1	2022	139	772	7	593	1463	393	761	50.9	98.6	6110	10576
Obstetrics-Gynecology	PGY1	2022	288	1503	3	1358	2161	1106	1499	73.6	99.7	15778	21035
OB/GYN-Preliminary (PGY-1 Only)	PGY1	2022	15	18	6	99	169	4	9	22.2	50	141	236
Orthopedic Surgery	PGY1	2022	210	875	0	1086	1470	705	875	80.6	100	10613	12588
Osteo Neuromusculoskeletal Med	PGY1	2022	5	16	2	0	23	0	13	0	81.3	0	53
Otolaryngology	PGY1	2022	134	361	0	463	574	316	361	87.5	100	5276	5855
Pathology	PGY1	2022	168	631	10	248	994	231	619	36.6	98.1	2924	8135
Pediatrics (Categorical)	PGY1	2022	235	2942	28	1871	3824	1661	2861	56.5	97.2	25389	39475
Pediatrics-Anesthesiology	PGY1	2022	5	6	0	16	20	6	6	100	100	34	46
Pediatrics-Emergency Med	PGY1	2022	4	9	0	25	34	6	9	66.7	100	65	85
Pediatrics-Medical Genetics	PGY1	2022	23	30	2	23	50	18	28	60	93.3	177	261
Pediatrics-P M & R	PGY1	2022	3	3	0	12	14	3	3	100	100	26	30
Pediatrics-Preliminary	PGY1	2022	18	23	2	88	135	16	21	69.6	91.3	499	575
Pediatrics-Primary	PGY1	2022	14	74	1	289	646	31	73	41.9	98.6	453	876
Peds/Psych/Child Psych	PGY1	2022	8	21	0	51	62	20	21	95.2	100	186	201
Physical Medicine & Rehab	PGY1	2022	43	180	0	317	701	104	180	57.8	100	1544	2842
Plastic Surgery (Integrated)	PGY1	2022	86	194	0	281	351	173	194	89.2	100	2924	3137
Psychiatry (Categorical)	PGY1	2022	352	2047	11	1437	2908	1253	2030	61.2	99.2	16232	24942
Psychiatry-Family Medicine	PGY1	2022	6	10	0	44	59	10	10	100	100	109	131
Psychiatry-Neurology	PGY1	2022	4	4	1	16	25	2	3	50	75	29	44
Radiation Oncology	PGY1	2022	5	10	1	82	108	7	9	70	90	114	161
Radiology-Diagnostic	PGY1	2022	34	132	0	716	1156	73	132	55.3	100	1719	2780
Surgery (Categorical)	PGY1	2022	342	1622	3	1467	3071	1059	1619	65.3	99.8	17477	25462
Surgery-Preliminary (PGY-1 Only)	PGY1	2022	251	1150	142	1008	2077	304	632	26.4	55	6905	10799
Thoracic Surgery	PGY1	2022	35	47	0	76	111	41	47	87.2	100	804	949
Transitional (PGY-1 Only)	PGY1	2022	195	1616	44	2729	4472	920	1404	56.9	86.9	33476	47071
Vascular Surgery	PGY1	2022	68	84	0	100	168	72	84	85.7	100	1895	2190
Anesthesiology	PGY2	2022	58	346	0	1094	1812	232	346	67.1	100	5792	7881
Child Neurology	PGY2	2022	4	7	0	32	56	2	7	28.6	100	33	61
Dermatology	PGY2	2022	138	492	2	613	851	408	489	82.9	99.4	4562	5439
Interventional Radiology (Integrated)	PGY2	2022	66	123	0	199	300	99	123	80.5	100	1775	2150
Neurodevelopmental Disabilities	PGY2	2022	2	3	0	11	17	3	3	100	100	21	28
Neurology	PGY2	2022	42	233	1	465	928	165	232	70.8	99.6	2218	3337
Nuclear Medicine	PGY2	2022	1	1	1	0	0	0	0	0	0	0	0
Osteo Neuromusculoskeletal Med	PGY2	2022	1	2	0	0	8	0	2	0	100	0	8
Physical Medicine & Rehab	PGY2	2022	69	338	1	325	771	172	336	50.9	99.4	2854	5217
Radiation Oncology	PGY2	2022	83	166	25	111	189	97	134	58.4	80.7	1807	2514
Radiology-Diagnostic	PGY2	2022	172	997	1	1105	1850	713	996	71.5	99.9	13228	17858
Radiology-Nuclear Med	PGY2	2022	3	3	0	18	42	2	3	66.7	100	24	54
