Specialty	No. of Programs	Positions Offered	Unfilled Programs	MD Senior Applicants	Total Applicants	MD Senior Matches	Total Matches	MD Senior % Filled	Total % Filled	MD Senior Ranked Positions	Total Ranked Positions	Year	Class
Anesthesiology	109	919	8	1,177	1,721	725	897	78.9	97.6	9,203	11,315	2012	PGY1
Child Neurology	71	99	17	87	147	58	79	58.6	79.8	546	699	2012	PGY1
Dermatology	10	23	0	153	164	22	23	95.7	100.0	253	269	2012	PGY1
Emergency Medicine	153	1,668	0	1,498	2,238	1,335	1,668	80.0	100.0	16,072	19,374	2012	PGY1
Emergency Med-Family Med	2	4	0	12	28	2	4	50.0	100.0	15	32	2012	PGY1
Family Medicine	457	2,740	66	1,519	5,421	1,322	2,591	48.2	94.6	12,589	28,213	2012	PGY1
Family Med-Preventive Med	2	6	1	17	34	1	4	16.7	66.7	19	37	2012	PGY1
Internal Medicine (Categorical)	389	5,277	21	3,451	9,806	2,941	5,226	55.7	99.0	31,863	58,792	2012	PGY1
Medicine-Dermatology	8	9	1	31	33	8	8	88.9	88.9	79	82	2012	PGY1
Medicine-Emergency Med	11	26	4	40	70	17	22	65.4	84.6	155	205	2012	PGY1
Medicine-Family Medicine	2	4	0	11	21	2	4	50.0	100.0	13	24	2012	PGY1
Medicine-Medical Genetics	1	1	0	3	5	1	1	100.0	100.0	3	5	2012	PGY1
Medicine-Neurology	2	2	0	5	7	2	2	100.0	100.0	6	9	2012	PGY1
Medicine-Pediatrics	77	362	10	342	560	276	344	76.2	95.0	2,840	3,502	2012	PGY1
Medicine-Preliminary (PGY-1 Only)	307	1,861	48	3,345	5,054	1,427	1,738	76.7	93.4	36,050	43,318	2012	PGY1
Medicine-Preventive Med	5	5	1	24	108	2	4	40.0	80.0	31	143	2012	PGY1
Medicine-Primary	56	311	3	718	2,206	186	300	59.8	96.5	1,868	3,760	2012	PGY1
Medicine-Psychiatry	10	20	1	25	63	12	18	60.0	90.0	77	129	2012	PGY1
Neurodevelopmental Disabilities	5	3	2	5	6	0	1	0.0	33.3	9	10	2012	PGY1
Neurological Surgery	98	196	2	203	318	170	194	86.7	99.0	2,756	3,261	2012	PGY1
Neurology	66	292	3	372	801	173	289	59.2	99.0	1,862	2,980	2012	PGY1
Obstetrics-Gynecology	251	1,240	11	977	1,723	913	1,223	73.6	98.6	10,713	14,513	2012	PGY1
Orthopedic Surgery	161	682	0	845	1,046	641	682	94.0	100.0	8,671	9,498	2012	PGY1
Otolaryngology	107	285	2	342	390	277	283	97.2	99.3	3,636	3,775	2012	PGY1
Pathology	148	521	33	285	832	262	466	50.3	89.4	2,396	4,679	2012	PGY1
Pediatrics (Categorical)	190	2,475	12	1,918	3,732	1,732	2,443	70.0	98.7	18,143	25,677	2012	PGY1
Pediatrics-Anesthesiology	4	7	0	16	16	7	7	100.0	100.0	35	35	2012	PGY1
Pediatrics-Emergency Med	3	7	0	15	22	6	7	85.7	100.0	25	33	2012	PGY1
Pediatrics-Medical Genetics	12	7	1	12	17	4	6	57.1	85.7	34	40	2012	PGY1
Pediatrics-P M & R	3	2	0	6	6	2	2	100.0	100.0	11	11	2012	PGY1
Pediatrics-Preliminary	52	55	5	142	190	43	48	78.2	87.3	676	814	2012	PGY1
Pediatrics-Primary	13	67	2	280	916	27	64	40.3	95.5	378	1,276	2012	PGY1
Peds/Psych/Child Psych	9	18	1	22	39	13	17	72.2	94.4	88	129	2012	PGY1
Physical Medicine & Rehab	26	86	0	195	373	51	86	59.3	100.0	663	1,102	2012	PGY1
Plastic Surgery (Integrated)	45	101	3	141	177	87	97	86.1	96.0	1,170	1,314	2012	PGY1
Preventive Medicine	4	4	2	2	16	1	2	25.0	50.0	2	18	2012	PGY1
Psychiatry (Categorical)	189	1,118	22	680	2,008	616	1,080	55.1	96.6	5,784	10,942	2012	PGY1
Psychiatry-Family Medicine	6	10	1	24	30	8	8	80.0	80.0	52	61	2012	PGY1
Psychiatry-Neurology	2	2	1	7	9	1	1	50.0	50.0	9	11	2012	PGY1
Radiation Oncology	7	15	0	130	135	15	15	100.0	100.0	207	213	2012	PGY1
Radiology-Diagnostic	35	135	3	567	691	90	124	66.7	91.9	1,552	1,839	2012	PGY1
Surgery (Categorical)	242	1,146	2	1,258	2,253	914	1,143	79.8	99.7	12,802	16,206	2012	PGY1
Surgery-Preliminary (PGY-1 Only)	291	1,221	140	1,114	1,967	478	737	39.1	60.4	2,518	4,891	2012	PGY1
Thoracic Surgery	17	20	0	59	80	19	20	95.0	100.0	261	324	2012	PGY1
Transitional (PGY-1 Only)	110	941	11	2,239	2,946	785	915	83.4	97.2	14,955	17,107	2012	PGY1
Vascular Surgery	35	41	0	55	82	38	41	92.7	100.0	612	671	2012	PGY1
Anesthesiology	83	557	10	1052	1549	397	540	71.3	96.9	6522	8135	2012	PGY2
Child Neurology	33	47	11	76	113	23	35	48.9	74.5	288	379	2012	PGY2
Dermatology	107	340	8	385	508	288	329	84.7	96.8	3108	3507	2012	PGY2
Neurodevelopmental Disabilities	5	7	1	9	10	6	6	85.7	85.7	19	21	2012	PGY2
Neurology	76	346	12	364	766	181	326	52.3	94.2	2110	3374	2012	PGY2
Nuclear Medicine	2	4	1	1	13	0	3	0	75	1	16	2012	PGY2
Physical Medicine & Rehab	60	281	3	211	532	142	277	50.5	98.6	1653	3146	2012	PGY2
Plastic Surgery	12	20	0	109	123	19	20	95	100	248	268	2012	PGY2
Preventive Medicine	1	1	1	0	5	0	0	0	0	0	5	2012	PGY2
Psychiatry	2	3	2	6	7	0	0	0	0	6	7	2012	PGY2
Psychiatry-Neurology	1	0	0	3	3	0	0	0	0	3	3	2012	PGY2
Radiation Oncology	78	156	1	222	257	153	155	98.1	99.4	1828	1919	2012	PGY2
Radiology-Diagnostic	164	976	39	875	1219	741	901	75.9	92.3	10054	11525	2012	PGY2
Anesthesiology	147	1,073	19	1,208	1,893	748	1,029	69.7	95.9	9,813	12,677	2013	PGY1
Child Neurology	85	123	19	91	196	64	102	52.0	82.9	643	973	2013	PGY1
Dermatology	22	38	1	174	243	21	37	55.3	97.4	260	384	2013	PGY1
Emergency Medicine	165	1,744	3	1,640	2,430	1,428	1,741	81.9	99.8	17,679	21,184	2013	PGY1
Emergency Med-Family Med	2	4	0	17	29	3	4	75.0	100.0	18	34	2013	PGY1
Family Medicine	460	3,037	59	1,583	5,946	1,355	2,914	44.6	95.9	13,749	31,900	2013	PGY1
Family Med-Preventive Med	2	6	1	14	40	3	5	50.0	83.3	14	43	2013	PGY1
Internal Medicine (Categorical)	393	6,277	14	3,710	11,030	3,135	6,242	49.9	99.4	34,888	69,671	2013	PGY1
Medicine-Anesthesiology	2	0	0	13	14	0	0	0.0	0.0	14	15	2013	PGY1
Medicine-Dermatology	6	8	0	38	42	7	8	87.5	100.0	78	84	2013	PGY1
Medicine-Emergency Med	12	27	0	74	101	23	27	85.2	100.0	289	350	2013	PGY1
Medicine-Family Medicine	2	4	0	19	36	2	4	50.0	100.0	20	37	2013	PGY1
Medicine-Medical Genetics	3	2	1	6	10	1	1	50.0	50.0	6	11	2013	PGY1
Medicine-Neurology	2	2	1	2	4	0	1	0.0	50.0	2	4	2013	PGY1
Medicine-Pediatrics	77	366	3	391	603	312	363	85.2	99.2	3,354	3,953	2013	PGY1
Medicine-Preliminary (PGY-1 Only)	307	1,883	37	3,359	5,134	1,429	1,809	75.9	96.1	40,366	49,283	2013	PGY1
Medicine-Preventive Med	4	7	0	53	140	3	7	42.9	100.0	56	171	2013	PGY1
Medicine-Primary	56	335	2	756	2,165	200	331	59.7	98.8	2,040	3,812	2013	PGY1
Medicine-Psychiatry	10	17	1	30	61	12	16	70.6	94.1	93	141	2013	PGY1
Medical Genetics	1	1	1	0	4	0	0	0.0	0.0	0	4	2013	PGY1
Neurodevelopmental Disabilities	3	3	1	4	8	1	2	33.3	66.7	4	8	2013	PGY1
Neurological Surgery	99	204	1	241	314	190	203	93.1	99.5	3,207	3,499	2013	PGY1
Neurology	89	361	11	374	906	172	345	47.6	95.6	1,930	3,443	2013	PGY1
Nuclear Medicine	1	1	1	0	2	0	0	0.0	0.0	0	2	2013	PGY1
Obstetrics-Gynecology	249	1,259	7	1,059	1,783	944	1,248	75.0	99.1	11,275	15,057	2013	PGY1
Orthopedic Surgery	163	693	1	833	1,038	636	692	91.8	99.9	8,736	9,497	2013	PGY1
Otolaryngology	107	292	1	387	442	276	290	94.5	99.3	3,834	4,033	2013	PGY1
Pathology	152	583	15	290	949	263	562	45.1	96.4	2,507	5,574	2013	PGY1
Pediatrics (Categorical)	191	2,616	6	2,035	3,984	1,837	2,606	70.2	99.6	19,762	28,339	2013	PGY1
Pediatrics-Anesthesiology	5	8	1	24	26	7	7	87.5	87.5	51	53	2013	PGY1
Pediatrics-Emergency Med	3	7	0	15	20	6	7	85.7	100.0	31	39	2013	PGY1
Pediatrics-Medical Genetics	12	9	3	8	16	6	6	66.7	66.7	32	45	2013	PGY1
Pediatrics-P M & R	3	3	0	8	11	2	3	66.7	100.0	15	18	2013	PGY1
Pediatrics-Preliminary	44	44	6	131	201	31	37	70.5	84.1	622	778	2013	PGY1
Pediatrics-Primary	12	83	0	333	984	30	83	36.1	100.0	437	1,269	2013	PGY1
Peds/Psych/Child Psych	9	19	0	42	50	16	19	84.2	100.0	138	154	2013	PGY1
Physical Medicine & Rehab	36	103	0	219	444	52	103	50.5	100.0	715	1,226	2013	PGY1
Plastic Surgery (Integrated)	53	116	1	179	203	111	115	95.7	99.1	1,464	1,536	2013	PGY1
Preventive Medicine	1	2	1	0	0	0	0	0.0	0.0	0	0	2013	PGY1
Psychiatry (Categorical)	231	1,360	22	749	2,348	681	1,330	50.1	97.8	6,272	12,628	2013	PGY1
Psychiatry-Family Medicine	6	11	0	26	32	11	11	100.0	100.0	85	93	2013	PGY1
Psychiatry-Neurology	2	2	0	2	6	2	2	100.0	100.0	4	9	2013	PGY1
Radiation Oncology	13	23	0	114	135	17	23	73.9	100.0	205	229	2013	PGY1
Radiology-Diagnostic	55	164	9	595	820	101	150	61.6	91.5	1,681	2,152	2013	PGY1
Surgery (Categorical)	246	1,185	3	1,295	2,415	954	1,180	80.5	99.6	13,232	17,119	2013	PGY1
Surgery-Preliminary (PGY-1 Only)	293	1,278	139	1,058	2,055	454	819	35.5	64.1	2,468	5,674	2013	PGY1
Thoracic Surgery	21	26	0	52	79	22	26	84.6	100.0	344	410	2013	PGY1
Transitional (PGY-1 Only)	110	937	10	2,382	3,079	785	908	83.8	96.9	16,135	18,450	2013	PGY1
Vascular Surgery	39	46	1	49	84	37	45	80.4	97.8	591	705	2013	PGY1
Anesthesiology	86	580	9	1,067	1,628	398	562	68.6	96.9	6,644	8,696	2013	PGY2
Child Neurology	27	37	8	65	122	14	26	37.8	70.3	205	313	2013	PGY2
Dermatology	109	369	6	442	574	316	362	85.6	98.1	3,288	3,697	2013	PGY2
Neurodevelopmental Disabilities	5	7	2	7	14	4	5	57.1	71.4	19	27	2013	PGY2
Neurology	73	331	7	365	817	189	320	57.1	96.7	2,261	3,602	2013	PGY2
Nuclear Medicine	4	5	2	0	9	0	3	0.0	60.0	0	16	2013	PGY2
Physical Medicine & Rehab	61	294	1	242	593	152	293	51.7	99.7	1,876	3,636	2013	PGY2
Plastic Surgery	7	11	0	105	108	10	11	90.9	100.0	163	166	2013	PGY2
Preventive Medicine	2	3	2	0	7	0	1	0.0	33.3	0	7	2013	PGY2
Psychiatry	2	2	0	2	12	1	2	50.0	100.0	2	12	2013	PGY2
Psychiatry-Neurology	1	1	0	2	3	0	1	0.0	100.0	2	3	2013	PGY2
Radiation Oncology	80	160	7	170	211	134	153	83.8	95.6	1,667	1,822	2013	PGY2
Radiology-Diagnostic	158	979	30	865	1,307	724	928	74.0	94.8	10,094	12,038	2013	PGY2
Anesthesiology	117	1,049	10	1,162	1,836	754	1,024	71.9	97.6	10,213	13,231	2014	PGY1
Child Neurology	61	92	11	88	177	66	80	71.7	87.0	724	967	2014	PGY1
Dermatology	9	20	0	168	179	20	20	100.0	100.0	234	247	2014	PGY1
Emergency Medicine	170	1,786	6	1,566	2,322	1,388	1,772	77.7	99.2	17,565	21,236	2014	PGY1
Emergency Med-Family Med	2	4	0	19	32	4	4	100.0	100.0	23	40	2014	PGY1
Family Medicine	480	3,109	64	1,664	5,999	1,398	2,977	45.0	95.8	15,615	34,727	2014	PGY1
Family Med-Preventive Med	2	5	0	16	45	3	5	60.0	100.0	18	50	2014	PGY1
Internal Medicine (Categorical)	408	6,524	21	3,762	11,236	3,167	6,465	48.5	99.1	37,674	73,525	2014	PGY1
Medicine-Anesthesiology	4	7	2	31	37	5	5	71.4	71.4	38	44	2014	PGY1
Medicine-Dermatology	6	6	0	32	35	6	6	100.0	100.0	65	68	2014	PGY1
Medicine-Emergency Med	12	28	0	60	91	24	28	85.7	100.0	259	315	2014	PGY1
Medicine-Family Medicine	2	4	0	16	37	3	4	75.0	100.0	18	43	2014	PGY1
Medicine-Medical Genetics	4	3	3	5	6	0	0	0.0	0.0	7	8	2014	PGY1
Medicine-Neurology	2	1	0	2	3	1	1	100.0	100.0	3	4	2014	PGY1
Medicine-Pediatrics	79	374	7	334	582	284	362	75.9	96.8	3,105	3,965	2014	PGY1
Medicine-Preliminary (PGY-1 Only)	323	1,905	37	3,400	5,329	1,477	1,825	77.5	95.8	46,970	56,750	2014	PGY1
Medicine-Preventive Med	4	7	0	37	104	2	7	28.6	100.0	45	135	2014	PGY1
Medicine-Primary	55	335	1	781	2,012	202	333	60.3	99.4	2,208	3,754	2014	PGY1
Medicine-Psychiatry	9	18	1	23	63	10	16	55.6	88.9	69	142	2014	PGY1
Neurodevelopmental Disabilities	2	0	0	3	5	0	0	0.0	0.0	4	7	2014	PGY1
Neurological Surgery	102	206	0	243	335	189	206	91.7	100.0	3,294	3,746	2014	PGY1
Neurology	80	380	5	403	952	192	373	50.5	98.2	2,254	4,006	2014	PGY1
Obstetrics-Gynecology	233	1,242	5	1,073	1,798	950	1,234	76.5	99.4	12,031	15,815	2014	PGY1
OB/GYN-Preliminary (PGY-1 Only)	18	22	7	51	145	4	13	18.2	59.1	70	197	2014	PGY1
Orthopedic Surgery	162	695	2	853	1,032	649	693	93.4	99.7	9,014	9,685	2014	PGY1
Otolaryngology	106	295	0	376	443	279	295	94.6	100.0	3,775	4,043	2014	PGY1
Pathology	153	597	31	274	863	256	546	42.9	91.5	2,567	5,520	2014	PGY1
Pediatrics (Categorical)	194	2,640	4	2,065	3,993	1,818	2,627	68.9	99.5	21,009	30,068	2014	PGY1
Pediatrics-Anesthesiology	7	8	1	16	16	7	7	87.5	87.5	55	55	2014	PGY1
Pediatrics-Emergency Med	4	9	0	21	34	4	9	44.4	100.0	35	58	2014	PGY1
Pediatrics-Medical Genetics	12	10	3	7	20	5	7	50.0	70.0	23	48	2014	PGY1
Pediatrics-P M & R	3	3	0	6	9	2	3	66.7	100.0	12	16	2014	PGY1
Pediatrics-Preliminary	38	40	7	100	174	24	30	60.0	75.0	508	685	2014	PGY1
Pediatrics-Primary	12	75	0	399	865	34	75	45.3	100.0	544	1,116	2014	PGY1
Peds/Psych/Child Psych	9	19	1	32	49	16	18	84.2	94.7	115	143	2014	PGY1
Physical Medicine & Rehab	28	96	0	223	444	54	96	56.3	100.0	880	1,434	2014	PGY1
Plastic Surgery (Integrated)	60	130	0	181	215	120	130	92.3	100.0	1,719	1,810	2014	PGY1
Psychiatry (Categorical)	203	1,322	14	751	2,363	685	1,291	51.8	97.7	7,001	13,496	2014	PGY1
Psychiatry-Family Medicine	6	10	0	28	43	8	10	80.0	100.0	72	101	2014	PGY1
Psychiatry-Neurology	3	4	0	15	18	4	4	100.0	100.0	19	23	2014	PGY1
Radiation Oncology	9	18	0	126	132	18	18	100.0	100.0	228	236	2014	PGY1
Radiology-Diagnostic	36	137	8	548	780	81	121	59.1	88.3	1,391	1,857	2014	PGY1
Surgery (Categorical)	251	1,205	4	1,274	2,382	922	1,198	76.5	99.4	13,307	17,204	2014	PGY1
Surgery-Preliminary (PGY-1 Only)	290	1,286	139	1,031	2,034	490	837	38.1	65.1	2,621	5,930	2014	PGY1
Thoracic Surgery	26	33	0	61	119	29	33	87.9	100.0	504	654	2014	PGY1
Transitional (PGY-1 Only)	103	868	9	2,336	3,087	709	833	81.7	96.0	17,798	20,206	2014	PGY1
Vascular Surgery	44	51	4	48	90	36	46	70.6	90.2	526	655	2014	PGY1
Anesthesiology	80	515	14	1,001	1,580	327	482	63.5	93.6	6,099	8,304	2014	PGY2
Child Neurology	21	28	7	54	111	11	20	39.3	71.4	109	208	2014	PGY2
Dermatology	113	380	5	468	601	334	374	87.9	98.4	3,461	3,917	2014	PGY2
Neurodevelopmental Disabilities	3	5	0	5	9	3	5	60.0	100.0	11	16	2014	PGY2
Neurology	71	320	8	389	803	195	308	60.9	96.3	2,315	3,461	2014	PGY2
Nuclear Medicine	4	4	2	0	2	0	2	0.0	50.0	0	3	2014	PGY2
Physical Medicine & Rehab	62	287	0	243	617	154	287	53.7	100.0	2,068	3,874	2014	PGY2
Plastic Surgery	3	6	0	57	61	6	6	100.0	100.0	73	78	2014	PGY2
Preventive Medicine	1	2	1	0	2	0	0	0.0	0.0	0	2	2014	PGY2
Psychiatry	2	2	1	3	6	0	1	0.0	50.0	3	6	2014	PGY2
Psychiatry-Neurology	1	0	0	9	9	0	0	0.0	0.0	9	9	2014	PGY2
Radiation Oncology	78	161	4	195	224	151	157	93.8	97.5	1,795	1,909	2014	PGY2
Radiology-Diagnostic	161	1,008	34	803	1,288	695	950	68.9	94.2	9,615	12,116	2014	PGY2
Radiology-Nuclear Med	1	1	1	4	6	0	0	0.0	0.0	4	6	2014	PGY2
Anesthesiology	120	1,094	11	1,192	1,859	799	1,066	73.0	97.4	10,782	13,790	2015	PGY1
Child Neurology	63	104	9	86	169	73	95	70.2	91.3	783	1,051	2015	PGY1
Dermatology	9	22	0	170	186	20	22	90.9	100.0	241	259	2015	PGY1
Emergency Medicine	171	1,821	4	1,613	2,352	1,438	1,813	79.0	99.6	18,962	22,810	2015	PGY1
Emergency Med-Family Med	2	4	0	16	34	1	4	25.0	100.0	19	37	2015	PGY1
Family Medicine	490	3,195	72	1,669	6,074	1,405	3,039	44.0	95.1	16,300	36,010	2015	PGY1
Family Med-Preventive Med	2	5	0	24	36	5	5	100.0	100.0	26	39	2015	PGY1
Internal Medicine (Categorical)	429	6,770	22	3,919	11,411	3,317	6,698	49.0	98.9	39,410	76,944	2015	PGY1
Medicine-Anesthesiology	3	6	0	26	34	4	6	66.7	100.0	33	41	2015	PGY1
Medicine-Dermatology	5	6	0	28	30	6	6	100.0	100.0	44	46	2015	PGY1
Medicine-Emergency Med	12	28	1	56	84	23	27	82.1	96.4	253	305	2015	PGY1
Medicine-Family Medicine	1	2	0	8	10	1	2	50.0	100.0	8	10	2015	PGY1
Medicine-Medical Genetics	4	4	0	3	11	2	4	50.0	100.0	5	18	2015	PGY1
Medicine-Neurology	1	1	1	1	2	0	0	0.0	0.0	1	2	2015	PGY1
Medicine-Pediatrics	78	380	1	396	625	319	379	83.9	99.7	3,652	4,392	2015	PGY1
Medicine-Preliminary (PGY-1 Only)	323	1,928	47	3,259	5,239	1,388	1,805	72.0	93.6	43,937	54,904	2015	PGY1
Medicine-Preventive Med	4	7	0	40	94	4	7	57.1	100.0	45	118	2015	PGY1
Medicine-Primary	60	341	1	709	2,185	206	339	60.4	99.4	2,249	4,116	2015	PGY1
Medicine-Psychiatry	10	21	0	30	68	13	21	61.9	100.0	90	154	2015	PGY1
Neurodevelopmental Disabilities	1	1	0	1	3	0	1	0.0	100.0	1	3	2015	PGY1
Neurological Surgery	102	210	2	256	354	188	208	89.5	99.0	3,473	3,872	2015	PGY1
Neurology	81	404	7	435	990	222	396	55.0	98.0	2,586	4,428	2015	PGY1
Obstetrics-Gynecology	234	1,255	0	1,173	1,823	1,002	1,255	79.8	100.0	13,106	16,428	2015	PGY1
OB/GYN-Preliminary (PGY-1 Only)	17	21	4	56	136	3	14	14.3	66.7	96	241	2015	PGY1
Orthopedic Surgery	161	703	0	885	1,062	663	703	94.3	100.0	9,214	9,804	2015	PGY1
Otolaryngology	107	299	1	375	430	283	298	94.6	99.7	3,923	4,174	2015	PGY1
Pathology	155	605	24	304	891	282	568	46.6	93.9	2,884	5,841	2015	PGY1
Pediatrics (Categorical)	196	2,668	7	2,126	3,936	1,889	2,654	70.8	99.5	22,147	30,564	2015	PGY1
Pediatrics-Anesthesiology	6	9	0	23	26	9	9	100.0	100.0	63	71	2015	PGY1
Pediatrics-Emergency Med	4	9	0	29	38	8	9	88.9	100.0	58	73	2015	PGY1
Pediatrics-Medical Genetics	12	15	0	15	25	12	15	80.0	100.0	66	105	2015	PGY1
Pediatrics-P M & R	3	1	0	6	8	0	1	0.0	100.0	10	12	2015	PGY1
Pediatrics-Prelim (PGY-1 Only)	36	36	6	92	170	21	30	58.3	83.3	424	569	2015	PGY1
Pediatrics-Primary	12	74	0	365	798	26	74	35.1	100.0	506	1,039	2015	PGY1
Peds/Psych/Child Psych	9	19	0	35	45	18	19	94.7	100.0	140	157	2015	PGY1
Physical Medicine & Rehab	30	107	0	217	466	65	107	60.7	100.0	878	1,562	2015	PGY1
Plastic Surgery (Integrated)	67	148	3	168	206	136	144	91.9	97.3	1,768	1,889	2015	PGY1
Psychiatry (Categorical)	211	1,353	8	881	2,445	774	1,339	57.2	99.0	7,974	14,592	2015	PGY1
Psychiatry-Family Medicine	6	10	0	30	34	10	10	100.0	100.0	81	90	2015	PGY1
Psychiatry-Neurology	2	3	1	5	12	0	2	0.0	66.7	5	14	2015	PGY1
Radiation Oncology	9	17	2	109	119	14	15	82.4	88.2	173	187	2015	PGY1
Radiology-Diagnostic	36	133	9	457	721	67	120	50.4	90.2	1,172	1,784	2015	PGY1
Surgery (Categorical)	257	1,224	2	1,329	2,414	979	1,222	80.0	99.8	13,920	17,736	2015	PGY1
Surgery-Preliminary (PGY-1 Only)	294	1,296	139	973	2,002	476	821	36.7	63.3	3,175	6,616	2015	PGY1
Thoracic Surgery	27	35	0	64	104	28	35	80.0	100.0	543	664	2015	PGY1
Transitional (PGY-1 Only)	101	842	12	2,219	2,977	685	790	81.4	93.8	15,726	18,736	2015	PGY1
Vascular Surgery	49	57	2	58	122	48	55	84.2	96.5	782	965	2015	PGY1
Anesthesiology	78	506	14	1,017	1,581	315	469	62.3	92.7	5,928	7,976	2015	PGY2
Child Neurology	20	24	7	44	100	7	17	29.2	70.8	90	189	2015	PGY2
Dermatology	116	385	4	485	644	336	381	87.3	99.0	3,568	4,073	2015	PGY2
Neurodevelopmental Disabilities	3	5	2	6	9	1	2	20.0	40.0	11	16	2015	PGY2
Neurology	66	313	6	397	813	190	304	60.7	97.1	2,292	3,359	2015	PGY2
Nuclear Medicine	3	3	2	0	6	0	1	0.0	33.3	0	6	2015	PGY2
Physical Medicine & Rehab	61	282	3	228	576	127	279	45.0	98.9	1,827	3,801	2015	PGY2
Preventive Medicine	1	2	0	0	7	0	2	0.0	100.0	0	7	2015	PGY2
Psychiatry	1	1	1	3	5	0	0	0.0	0.0	3	5	2015	PGY2
Psychiatry-Neurology	1	1	0	4	5	1	1	100.0	100.0	4	5	2015	PGY2
Radiation Oncology	81	176	5	197	232	165	170	93.8	96.6	1,984	2,121	2015	PGY2
Radiology-Diagnostic	166	999	55	680	1,141	579	862	58.0	86.3	8,392	11,524	2015	PGY2
Radiology-Nuclear Med	1	1	1	2	5	0	0	0.0	0.0	2	5	2015	PGY2
Anesthesiology	119	1,127	23	1,107	1,748	774	1,072	68.7	95.1	10,497	13,524	2016	PGY1
Child Neurology	64	116	6	111	185	90	109	77.6	94.0	1,052	1,281	2016	PGY1
Dermatology	9	21	0	174	182	21	21	100.0	100.0	259	268	2016	PGY1
Emergency Medicine	174	1,895	1	1,693	2,476	1,486	1,894	78.4	99.9	19,695	24,134	2016	PGY1
Emergency Med-Family Med	2	4	0	15	35	2	4	50.0	100.0	18	39	2016	PGY1
Family Medicine	501	3,238	73	1,774	6,117	1,467	3,083	45.3	95.2	17,381	37,164	2016	PGY1
Family Med-Preventive Med	3	6	0	17	60	1	6	16.7	100.0	18	64	2016	PGY1
Internal Medicine (Categorical)	444	7,024	26	3,885	11,733	3,291	6,938	46.9	98.8	40,454	80,006	2016	PGY1
Medicine-Anesthesiology	3	5	0	20	20	5	5	100.0	100.0	24	24	2016	PGY1
Medicine-Dermatology	5	6	0	30	30	6	6	100.0	100.0	47	47	2016	PGY1
Medicine-Emergency Med	12	29	2	58	98	24	27	82.8	93.1	238	324	2016	PGY1
Medicine-Family Medicine	1	2	0	12	20	2	2	100.0	100.0	12	20	2016	PGY1
Medicine-Medical Genetics	3	1	1	0	6	0	0	0.0	0.0	0	11	2016	PGY1
Medicine-Pediatrics	79	386	1	422	607	329	384	85.2	99.5	4,140	4,752	2016	PGY1
Medicine-Preliminary (PGY-1 Only)	324	1,918	47	3,353	5,427	1,415	1,818	73.8	94.8	47,163	58,679	2016	PGY1
Medicine-Preventive Med	5	7	1	38	111	3	6	42.9	85.7	38	162	2016	PGY1
Medicine-Primary	59	328	1	663	2,056	210	325	64.0	99.1	2,245	4,004	2016	PGY1
Medicine-Psychiatry	11	23	0	40	79	19	23	82.6	100.0	137	200	2016	PGY1
Interventional Radiology (Integrated)	2	3	0	42	48	3	3	100.0	100.0	44	50	2016	PGY1
Neurodevelopmental Disabilities	3	2	0	5	7	2	2	100.0	100.0	10	13	2016	PGY1
Neurological Surgery	105	216	1	267	354	200	214	92.6	99.1	3,795	4,223	2016	PGY1
Neurology	87	443	2	465	1,084	236	440	53.3	99.3	2,812	4,858	2016	PGY1
Obstetrics-Gynecology	237	1,265	7	1,111	1,755	981	1,257	77.5	99.4	13,100	16,568	2016	PGY1
OB/GYN-Preliminary (PGY-1 Only)	18	22	8	95	199	4	11	18.2	50.0	146	298	2016	PGY1
Orthopedic Surgery	163	717	0	874	1,058	650	717	90.7	100.0	9,286	10,092	2016	PGY1
Otolaryngology	109	304	2	314	370	272	302	89.5	99.3	3,751	4,089	2016	PGY1
Pathology	156	579	18	270	890	248	549	42.8	94.8	2,537	5,717	2016	PGY1
Pediatrics (Categorical)	199	2,689	8	2,071	3,869	1,829	2,675	68.0	99.5	22,557	31,471	2016	PGY1
Pediatrics-Anesthesiology	6	8	1	18	19	6	7	75.0	87.5	48	52	2016	PGY1
Pediatrics-Emergency Med	4	7	0	23	30	7	7	100.0	100.0	52	60	2016	PGY1
Pediatrics-Medical Genetics	13	14	0	21	38	10	14	71.4	100.0	87	112	2016	PGY1
Pediatrics-P M & R	3	4	0	11	18	3	4	75.0	100.0	21	29	2016	PGY1
Pediatrics-Preliminary	38	43	5	128	209	26	37	60.5	86.0	485	619	2016	PGY1
Pediatrics-Primary	13	79	0	336	750	34	79	43.0	100.0	490	970	2016	PGY1
Peds/Psych/Child Psych	9	20	0	43	54	18	20	90.0	100.0	165	186	2016	PGY1
Physical Medicine & Rehab	31	112	1	244	462	69	110	61.6	98.2	1,062	1,650	2016	PGY1
Plastic Surgery (Integrated)	69	152	1	178	216	133	151	87.5	99.3	1,944	2,090	2016	PGY1
Preventive Medicine	1	1	0	1	28	0	1	0.0	100.0	1	28	2016	PGY1
Psychiatry (Categorical)	220	1,384	7	1,007	2,588	850	1,373	61.4	99.2	9,042	15,517	2016	PGY1
Psychiatry-Family Medicine	6	10	0	34	42	9	10	90.0	100.0	89	104	2016	PGY1
Psychiatry-Neurology	2	3	0	8	15	3	3	100.0	100.0	10	17	2016	PGY1
Radiation Oncology	8	15	0	124	141	14	15	93.3	100.0	202	228	2016	PGY1
Radiology-Diagnostic	38	151	6	560	850	93	141	61.6	93.4	1,356	2,021	2016	PGY1
Surgery (Categorical)	260	1,241	2	1,300	2,345	948	1,239	76.4	99.8	13,926	17,814	2016	PGY1
Surgery-Preliminary (PGY-1 Only)	301	1,308	140	1,050	2,123	511	843	39.1	64.4	4,036	7,519	2016	PGY1
Thoracic Surgery	29	38	1	65	103	31	37	81.6	97.4	540	651	2016	PGY1
Transitional (PGY-1 Only)	101	838	11	2,154	2,864	673	796	80.3	95.0	15,367	17,920	2016	PGY1
Vascular Surgery	48	56	0	75	123	49	56	87.5	100.0	985	1,151	2016	PGY1
Anesthesiology	77	481	16	952	1,540	290	441	60.3	91.7	5,439	7,788	2016	PGY2
Child Neurology	16	18	2	63	104	8	16	44.4	88.9	120	173	2016	PGY2
Dermatology	113	399	9	474	619	341	389	85.5	97.5	3,528	3,963	2016	PGY2
Interventional Radiology (Integrated)	5	11	0	105	135	11	11	100.0	100.0	142	175	2016	PGY2
Neurodevelopmental Disabilities	4	5	4	5	7	0	0	0.0	0.0	8	10	2016	PGY2
Neurology	63	304	6	436	877	201	298	66.1	98.0	2,442	3,568	2016	PGY2
Nuclear Medicine	3	3	2	0	5	0	1	0.0	33.3	0	7	2016	PGY2
Physical Medicine & Rehab	62	290	5	254	577	153	283	52.8	97.6	2,331	3,963	2016	PGY2
Preventive Medicine	1	2	0	0	6	0	2	0.0	100.0	0	6	2016	PGY2
Psychiatry	1	1	0	4	5	1	1	100.0	100.0	4	5	2016	PGY2
Radiation Oncology	77	168	1	191	223	155	167	92.3	99.4	1,889	2,085	2016	PGY2
Radiology-Diagnostic	164	982	24	805	1,360	661	947	67.3	96.4	9,186	12,499	2016	PGY2
Radiology-Nuclear Med	3	3	0	16	28	2	3	66.7	100.0	18	33	2016	PGY2
Anesthesiology	124	1,202	18	1,075	1,843	803	1,146	66.8	95.3	10,531	14,303	2017	PGY1
Child Neurology	69	128	8	118	205	97	119	75.8	93.0	1,180	1,458	2017	PGY1
Dermatology	11	26	0	216	239	24	26	92.3	100.0	321	344	2017	PGY1
Emergency Medicine	191	2,047	4	1,845	2,703	1,601	2,041	78.2	99.7	21,375	26,345	2017	PGY1
Emergency Med-Family Med	2	4	0	20	28	2	4	50.0	100.0	25	34	2017	PGY1
Family Medicine	520	3,356	67	1,797	6,030	1,513	3,215	45.1	95.8	18,321	37,806	2017	PGY1
Family Med-Preventive Med	3	6	0	24	44	5	6	83.3	100.0	27	47	2017	PGY1
Internal Medicine (Categorical)	467	7,233	38	3,837	11,666	3,245	7,101	44.9	98.2	40,985	81,010	2017	PGY1
Medicine-Anesthesiology	3	6	2	17	20	4	4	66.7	66.7	18	21	2017	PGY1
Medicine-Dermatology	5	6	0	30	33	6	6	100.0	100.0	50	56	2017	PGY1
Medicine-Emergency Med	11	26	0	63	95	21	26	80.8	100.0	229	294	2017	PGY1
Medicine-Family Medicine	1	2	0	5	7	2	2	100.0	100.0	5	7	2017	PGY1
Medicine-Medical Genetics	5	2	1	4	8	1	1	50.0	50.0	6	11	2017	PGY1
Medicine-Pediatrics	78	381	13	342	507	291	356	76.4	93.4	3,568	4,191	2017	PGY1
Medicine-Preliminary (PGY-1 Only)	337	1,915	32	3,362	5,585	1,436	1,843	75.0	96.2	51,147	62,395	2017	PGY1
Medicine-Preventive Med	5	8	1	38	109	2	6	25.0	75.0	42	156	2017	PGY1
Medicine-Primary	65	341	0	713	1,890	224	341	65.7	100.0	2,590	4,068	2017	PGY1
Medicine-Psychiatry	12	24	0	52	96	15	24	62.5	100.0	172	243	2017	PGY1
Interventional Radiology (Integrated)	17	29	2	191	221	23	27	79.3	93.1	401	446	2017	PGY1
Neurodevelopmental Disabilities	3	3	0	8	10	3	3	100.0	100.0	16	18	2017	PGY1
Neurological Surgery	107	218	0	212	311	183	218	83.9	100.0	3,393	3,901	2017	PGY1
Neurology	94	492	8	451	1,062	249	479	50.6	97.4	3,010	5,242	2017	PGY1
Obstetrics-Gynecology	241	1,288	0	1,202	1,753	1,049	1,288	81.4	100.0	13,779	16,755	2017	PGY1
OB/GYN-Preliminary (PGY-1 Only)	19	23	8	142	202	6	14	26.1	60.9	272	373	2017	PGY1
Orthopedic Surgery	165	727	1	845	1,013	668	726	91.9	99.9	9,169	9,755	2017	PGY1
Otolaryngology	110	305	10	303	331	279	291	91.5	95.4	3,993	4,149	2017	PGY1
Pathology	159	601	33	232	846	216	545	35.9	90.7	2,379	5,753	2017	PGY1
Pediatrics (Categorical)	204	2,738	13	2,056	3,763	1,849	2,693	67.5	98.4	22,843	31,730	2017	PGY1
Pediatrics-Anesthesiology	7	9	1	24	26	7	8	77.8	88.9	55	57	2017	PGY1
Pediatrics-Emergency Med	4	10	1	22	35	5	9	50.0	90.0	54	75	2017	PGY1
Pediatrics-Medical Genetics	16	15	2	15	31	8	13	53.3	86.7	77	117	2017	PGY1
Pediatrics-P M & R	3	2	0	9	9	2	2	100.0	100.0	15	15	2017	PGY1
Pediatrics-Preliminary	29	34	5	119	171	23	27	67.6	79.4	401	508	2017	PGY1
Pediatrics-Primary	13	83	1	358	782	31	82	37.3	98.8	531	1,039	2017	PGY1
Peds/Psych/Child Psych	9	21	0	43	56	19	21	90.5	100.0	177	198	2017	PGY1
Physical Medicine & Rehab	32	119	1	294	525	74	118	62.2	99.2	1,190	1,967	2017	PGY1
Plastic Surgery (Integrated)	73	159	2	200	246	148	157	93.1	98.7	2,176	2,362	2017	PGY1
Preventive Medicine	1	1	0	0	22	0	1	0.0	100.0	0	22	2017	PGY1
Psychiatry (Categorical)	236	1,495	3	1,067	2,614	923	1,491	61.7	99.7	10,159	16,724	2017	PGY1
Psychiatry-Family Medicine	6	10	0	38	47	8	10	80.0	100.0	91	111	2017	PGY1
Psychiatry-Neurology	4	6	2	13	15	3	3	50.0	50.0	22	25	2017	PGY1
Radiation Oncology	8	16	0	135	146	16	16	100.0	100.0	223	236	2017	PGY1
Radiology-Diagnostic	33	121	1	570	851	73	120	60.3	99.2	1,405	2,043	2017	PGY1
Surgery (Categorical)	267	1,281	3	1,383	2,388	1,005	1,276	78.5	99.6	14,840	18,323	2017	PGY1
Surgery-Preliminary (PGY-1 Only)	311	1,325	149	1,119	2,158	522	817	39.4	61.7	4,605	8,009	2017	PGY1
Thoracic Surgery	28	37	2	72	105	30	34	81.1	91.9	523	607	2017	PGY1
Transitional (PGY-1 Only)	110	908	12	2,297	3,155	718	873	79.1	96.1	17,044	20,204	2017	PGY1
Vascular Surgery	51	60	1	70	108	48	59	80.0	98.3	948	1,064	2017	PGY1
Anesthesiology	71	441	12	864	1,504	229	414	51.9	93.9	4,760	7,249	2017	PGY2
Child Neurology	11	11	2	61	91	5	9	45.5	81.8	94	133	2017	PGY2
Dermatology	121	423	7	479	651	346	415	81.8	98.1	3,606	4,115	2017	PGY2
Interventional Radiology (Integrated)	49	95	4	273	342	82	91	86.3	95.8	1,493	1,639	2017	PGY2
Neurodevelopmental Disabilities	3	4	1	7	11	3	3	75.0	75.0	12	17	2017	PGY2
Neurology	58	294	7	394	819	185	284	62.9	96.6	2,279	3,359	2017	PGY2
Nuclear Medicine	3	4	0	0	12	0	4	0.0	100.0	0	17	2017	PGY2
Physical Medicine & Rehab	62	294	0	306	633	181	294	61.6	100.0	2,455	4,049	2017	PGY2
Radiation Oncology	83	177	4	204	231	164	173	92.7	97.7	2,117	2,216	2017	PGY2
Radiology-Diagnostic	169	932	8	909	1,497	667	917	71.6	98.4	10,253	13,599	2017	PGY2
Radiology-Nuclear Med	2	2	0	4	13	1	2	50.0	100.0	4	15	2017	PGY2
Anesthesiology	132	1,253	9	1,180	2,011	861	1,226	68.7	97.8	11,746	16,071	2018	PGY1
Child Neurology	68	134	5	113	192	101	129	75.4	96.3	1,217	1,513	2018	PGY1
Dermatology	11	25	1	189	212	22	23	88.0	92.0	277	306	2018	PGY1
Emergency Medicine	220	2,278	10	1,838	2,901	1,606	2,265	70.5	99.4	21,931	28,675	2018	PGY1
Emergency Med-Anesthesiology	1	2	0	3	3	2	2	100.0	100.0	3	3	2018	PGY1
Emergency Med-Family Med	2	4	0	15	27	3	4	75.0	100.0	18	31	2018	PGY1
Family Medicine	557	3,629	56	1,943	6,421	1,628	3,510	44.9	96.7	20,349	40,851	2018	PGY1
Family Medicine-ONMM	1	4	0	0	10	0	4	0.0	100.0	0	10	2018	PGY1
Family Med-Preventive Med	3	3	0	20	37	3	3	100.0	100.0	23	43	2018	PGY1
Internal Medicine (Categorical)	517	7,542	55	3,737	11,917	3,195	7,363	42.4	97.6	41,861	84,634	2018	PGY1
Medicine-Anesthesiology	3	6	0	25	32	6	6	100.0	100.0	27	34	2018	PGY1
Medicine-Dermatology	5	6	1	34	35	5	5	83.3	83.3	58	59	2018	PGY1
Medicine-Emergency Med	11	26	0	60	94	22	26	84.6	100.0	267	344	2018	PGY1
Medicine-Family Medicine	1	2	0	7	14	2	2	100.0	100.0	7	14	2018	PGY1
Medicine-Medical Genetics	3	1	0	2	3	1	1	100.0	100.0	4	6	2018	PGY1
Medicine-Pediatrics	77	382	5	374	580	306	377	80.1	98.7	3,846	4,614	2018	PGY1
Medicine-Preliminary (PGY-1 Only)	349	1,883	47	3,426	5,524	1,370	1,762	72.8	93.6	52,881	65,611	2018	PGY1
Medicine-Preventive Med	3	6	0	29	79	4	6	66.7	100.0	31	84	2018	PGY1
Medicine-Primary	69	374	1	763	1,951	229	372	61.2	99.5	2,772	4,345	2018	PGY1
Medicine-Psychiatry	12	24	0	48	88	20	24	83.3	100.0	166	248	2018	PGY1
Interventional Radiology (Integrated)	19	35	0	217	255	34	35	97.1	100.0	593	652	2018	PGY1
Neurodevelopmental Disabilities	4	4	0	7	11	3	4	75.0	100.0	15	20	2018	PGY1
Neurological Surgery	110	225	0	240	325	203	225	90.2	100.0	3,591	3,926	2018	PGY1
Neurology	104	552	10	501	1,143	280	539	50.7	97.6	3,408	5,907	2018	PGY1
Obstetrics-Gynecology	255	1,336	4	1,228	1,879	1,051	1,330	78.7	99.6	14,248	17,843	2018	PGY1
OB/GYN-Preliminary (PGY-1 Only)	17	21	6	159	245	6	11	28.6	52.4	236	373	2018	PGY1
Orthopedic Surgery	171	742	4	849	1,017	691	738	93.1	99.5	9,644	10,228	2018	PGY1
Osteo Neuromusculoskeletal Med	1	2	0	0	5	0	2	0.0	100.0	0	5	2018	PGY1
Otolaryngology	112	315	11	299	333	284	303	90.2	96.2	4,173	4,307	2018	PGY1
Pathology	163	601	25	237	866	220	568	36.6	94.5	2,428	6,119	2018	PGY1
Pediatrics (Categorical)	211	2,768	23	1,934	3,647	1,746	2,711	63.1	97.9	22,486	31,930	2018	PGY1
Pediatrics-Anesthesiology	6	7	0	15	21	6	7	85.7	100.0	43	49	2018	PGY1
Pediatrice-Emergency Med	4	8	0	27	42	4	8	50.0	100.0	54	83	2018	PGY1
Pediatrics-Medical Genetics	16	20	1	17	29	14	18	70.0	90.0	125	148	2018	PGY1
Pediatrics-P M & R	3	3	0	8	13	3	3	100.0	100.0	14	20	2018	PGY1
Pediatrics-Preliminary	20	19	4	113	154	10	14	52.6	73.7	299	371	2018	PGY1
Pediatrics-Primary	14	90	2	400	834	36	86	40.0	95.6	582	1,113	2018	PGY1
Peds/Psych/Child Psych	9	21	1	52	65	17	20	81.0	95.2	170	195	2018	PGY1
Physical Medicine & Rehab	35	133	0	271	525	76	133	57.1	100.0	1,236	2,061	2018	PGY1
Plastic Surgery (Integrated)	77	168	1	185	229	156	167	92.9	99.4	2,303	2,480	2018	PGY1
Preventive Medicine	1	1	0	1	13	0	1	0.0	100.0	1	13	2018	PGY1
Psychiatry	256	1,556	7	1,236	2,739	982	1,540	63.1	99.0	11,428	17,832	2018	PGY1
Psychiatry-Family Medicine	7	12	0	42	63	12	12	100.0	100.0	107	143	2018	PGY1
Psychiatry-Neurology	4	4	1	10	16	3	3	75.0	75.0	14	23	2018	PGY1
Radiation Oncology	8	16	1	132	136	15	15	93.8	93.8	216	221	2018	PGY1
Radiology-Diagnostic	34	125	0	632	981	77	125	61.6	100.0	1,414	2,175	2018	PGY1
Surgery (Categorical)	281	1,319	3	1,351	2,391	1,005	1,314	76.2	99.6	14,926	18,946	2018	PGY1
Surgery-Preliminary (PGY-1 Only)	325	1,363	151	1,174	2,228	567	888	41.6	65.2	6,292	9,647	2018	PGY1
Thoracic Surgery	28	36	0	72	107	31	36	86.1	100.0	543	643	2018	PGY1
Transitional (PGY-1 Only)	131	1,086	19	2,424	3,559	772	1,016	71.1	93.6	19,215	23,429	2018	PGY1
Vascular Surgery	52	60	2	61	91	50	58	83.3	96.7	949	1,070	2018	PGY1
Anesthesiology	75	447	4	919	1,601	246	442	55.0	98.9	5,143	7,781	2018	PGY2
Child Neurology	7	8	1	58	87	3	7	37.5	87.5	82	118	2018	PGY2
Dermatology	122	426	4	463	651	348	420	81.7	98.6	3,643	4,334	2018	PGY2
Interventional Radiology (Integrated)	51	98	0	279	352	93	98	94.9	100.0	1,598	1,760	2018	PGY2
Neurodevelopmental Disabilities	3	4	2	6	11	2	2	50.0	50.0	10	16	2018	PGY2
Neurology	55	287	2	430	928	190	283	66.2	98.6	2,310	3,486	2018	PGY2
Nuclear Medicine	2	3	0	0	8	0	3	0.0	100.0	0	11	2018	PGY2
Physical Medicine & Rehab	61	281	0	278	614	166	281	59.1	100.0	2,320	3,945	2018	PGY2
Radiation Oncology	85	177	5	194	222	162	172	91.5	97.2	2,102	2,204	2018	PGY2
Radiology-Diagnostic	171	944	4	1,000	1,603	683	939	72.4	99.5	10,842	14,373	2018	PGY2
Radiology-Nuclear Med	3	3	0	12	19	1	3	33.3	100.0	13	23	2018	PGY2
Anesthesiology	142	1,337	4	1,270	2,226	907	1,316	67.8	98.4	12,778	17,741	2019	PGY1
Child Neurology	71	145	12	114	205	102	133	70.3	91.7	1,208	1,545	2019	PGY1
Dermatology	13	30	1	217	265	23	28	76.7	93.3	311	369	2019	PGY1
Emergency Medicine	238	2,488	15	1,823	3,048	1,617	2,458	65.0	98.8	22,443	31,280	2019	PGY1
Emergency Med-Anesthesiology	1	1	0	2	8	0	1	0.0	100.0	2	8	2019	PGY1
Emergency Med-Family Med	2	4	0	21	38	1	4	25.0	100.0	25	43	2019	PGY1
Family Medicine	641	4,107	115	1,927	6,652	1,601	3,827	39.0	93.2	20,801	45,408	2019	PGY1
Family Medicine-ONMM	1	1	0	0	8	0	1	0.0	100.0	0	8	2019	PGY1
Family Med-Preventive Med	3	4	0	15	40	3	4	75.0	100.0	16	42	2019	PGY1
Internal Medicine (Categorical)	564	8,116	60	3,966	12,527	3,366	7,892	41.5	97.2	44,355	91,178	2019	PGY1
Medicine-Anesthesiology	3	5	1	20	26	4	4	80.0	80.0	24	30	2019	PGY1
Medicine-Dermatology	5	7	0	29	30	6	7	85.7	100.0	54	55	2019	PGY1
Medicine-Emergency Med	11	26	0	58	92	20	26	76.9	100.0	263	330	2019	PGY1
Medicine-Medical Genetics	4	3	2	4	11	1	1	33.3	33.3	4	14	2019	PGY1
Medicine-Pediatrics	78	390	5	372	591	315	383	80.8	98.2	3,989	4,759	2019	PGY1
Medicine-Preliminary (PGY-1 Only)	369	1,944	60	3,403	5,636	1,356	1,796	69.8	92.4	50,859	62,716	2019	PGY1
Medicine-Preventive Med	4	6	0	28	104	2	6	33.3	100.0	28	104	2019	PGY1
Medicine-Primary	79	396	4	766	2,218	239	386	60.4	97.5	2,808	4,722	2019	PGY1
Medicine-Psychiatry	12	23	0	55	105	18	23	78.3	100.0	171	272	2019	PGY1
Interventional Radiology (Integrated)	21	37	0	212	269	30	37	81.1	100.0	618	711	2019	PGY1
Neurodevelopmental Disabilities	4	4	0	10	16	3	4	75.0	100.0	21	32	2019	PGY1
Neurological Surgery	112	232	1	265	341	213	231	91.8	99.6	3,925	4,207	2019	PGY1
Neurology	114	617	13	484	1,152	284	594	46.0	96.3	3,769	6,879	2019	PGY1
Obstetrics-Gynecology	267	1,395	2	1,284	2,026	1,049	1,392	75.2	99.8	14,433	18,712	2019	PGY1
OB/GYN-Preliminary (PGY-1 Only)	14	18	6	162	214	4	9	22.2	50.0	265	347	2019	PGY1
Orthopedic Surgery	175	755	2	830	1,037	693	752	91.8	99.6	9,737	10,350	2019	PGY1
Osteo Neuromusculoskeletal Med	1	2	1	0	3	0	0	0.0	0.0	0	3	2019	PGY1
Otolaryngology	120	328	0	398	462	308	328	93.9	100.0	4,658	4,954	2019	PGY1
Pathology	162	601	21	216	924	201	569	33.4	94.7	2,114	6,071	2019	PGY1
Pediatrics (Categorical)	220	2,847	29	1,901	3,638	1,715	2,778	60.2	97.6	22,826	33,690	2019	PGY1
Pediatrics-Anesthesiology	5	7	0	20	22	6	7	85.7	100.0	51	53	2019	PGY1
Pediatrics-Emergency Med	4	8	0	24	36	6	8	75.0	100.0	57	80	2019	PGY1
Pediatrics-Medical Genetics	18	21	4	24	43	14	16	66.7	76.2	132	172	2019	PGY1
Pediatrics-P M & R	3	4	1	8	13	2	3	50.0	75.0	13	19	2019	PGY1
Pediatrics-Preliminary	21	24	4	100	153	12	19	50.0	79.2	376	475	2019	PGY1
Pediatrics-Primary	14	90	1	405	880	36	89	40.0	98.9	629	1,205	2019	PGY1
Peds/Psych/Child Psych	9	21	0	51	65	20	21	95.2	100.0	188	214	2019	PGY1
Physical Medicine & Rehab	37	138	0	247	538	69	138	50.0	100.0	1,156	2,072	2019	PGY1
Plastic Surgery (Integrated)	78	172	0	188	234	158	172	91.9	100.0	2,314	2,487	2019	PGY1
Preventive Medicine	1	1	0	0	20	0	1	0.0	100.0	0	20	2019	PGY1
Psychiatry	298	1,740	13	1,257	2,767	1,054	1,720	60.6	98.9	12,666	20,430	2019	PGY1
Psychiatry-Family Medicine	7	12	0	43	55	12	12	100.0	100.0	132	152	2019	PGY1
Psychiatry-Neurology	4	4	1	8	14	3	3	75.0	75.0	11	20	2019	PGY1
Radiation Oncology	6	15	1	115	124	13	14	86.7	93.3	164	174	2019	PGY1
Radiology-Diagnostic	32	123	1	595	940	73	122	59.3	99.2	1,418	2,075	2019	PGY1
Surgery (Categorical)	304	1,432	0	1,388	2,563	1,053	1,432	73.5	100.0	15,873	20,820	2019	PGY1
Surgery-Preliminary (PGY-1 Only)	253	1,158	151	939	1,948	277	581	23.9	50.2	5,867	8,935	2019	PGY1
Thoracic Surgery	28	37	0	80	120	34	37	91.9	100.0	555	675	2019	PGY1
Transitional (PGY-1 Only)	152	1,252	36	2,379	3,671	788	1,101	62.9	87.9	19,259	25,209	2019	PGY1
Vascular Surgery	55	66	2	59	111	52	64	78.8	97.0	885	1,141	2019	PGY1
Anesthesiology	71	428	6	966	1,718	246	420	57.5	98.1	5,299	7,892	2019	PGY2
Child Neurology	9	11	2	51	90	1	9	9.1	81.8	66	109	2019	PGY2
Dermatology	128	447	2	488	701	370	444	82.8	99.3	3,903	4,587	2019	PGY2
Interventional Radiology (Integrated)	61	113	0	237	319	101	113	89.4	100.0	1,659	1,891	2019	PGY2
Neurodevelopmental Disabilities	4	5	2	10	15	2	3	40.0	60.0	16	23	2019	PGY2
Neurology	52	281	8	417	867	175	266	62.3	94.7	2,165	3,287	2019	PGY2
Osteo Neuromusculoskeletal Med	2	4	1	0	3	0	3	0.0	75.0	0	3	2019	PGY2
Physical Medicine & Rehab	65	308	3	254	593	151	305	49.0	99.0	2,095	4,038	2019	PGY2
Radiation Oncology	86	192	21	163	192	147	163	76.6	84.9	2,034	2,186	2019	PGY2
Radiology-Diagnostic	178	965	10	925	1,520	665	950	68.9	98.4	10,792	14,322	2019	PGY2
Radiology-Nuclear Med	2	2	0	8	12	1	2	50.0	100.0	12	16	2019	PGY2
Anesthesiology	153	1,370	1	1,372	2,418	936	1,369	68.3	99.9	13,809	19,359	2020	PGY1
Child Neurology	73	159	7	123	213	111	151	69.8	95.0	1,338	1,760	2020	PGY1
Dermatology	14	31	0	195	239	23	31	74.2	100.0	304	367	2020	PGY1
Emergency Medicine	256	2,665	7	1,935	3,323	1,713	2,652	64.3	99.5	23,489	33,785	2020	PGY1
Emergency Med-Anesthesiology	1	0	0	1	1	0	0	0.0	0.0	1	1	2020	PGY1
Emergency Med-Family Med	3	6	0	15	39	2	6	33.3	100.0	23	53	2020	PGY1
Family Medicine	706	4,662	144	1,823	7,175	1,543	4,313	33.1	92.5	20,091	51,983	2020	PGY1
Family Medicine-ONMM	1	2	0	0	12	0	2	0.0	100.0	0	12	2020	PGY1
Family Med-Preventive Med	3	3	1	9	11	2	2	66.7	66.7	10	12	2020	PGY1
Internal Medicine (Categorical)	587	8,697	69	4,131	13,118	3,496	8,324	40.2	95.7	45,621	97,309	2020	PGY1
Medicine-Anesthesiology	2	3	0	13	19	3	3	100.0	100.0	14	21	2020	PGY1
Medicine-Dermatology	5	6	1	23	25	5	5	83.3	83.3	50	52	2020	PGY1
Medicine-Emergency Med	12	30	0	59	111	19	30	63.3	100.0	258	379	2020	PGY1
Medicine-Medical Genetics	5	4	1	4	8	2	3	50.0	75.0	6	10	2020	PGY1
Medicine-Pediatrics	77	390	4	399	606	316	381	81.0	97.7	4,078	4,797	2020	PGY1
Medicine-Preliminary (PGY-1 Only)	365	1,911	61	3,402	5,692	1,313	1,759	68.7	92.0	48,009	60,471	2020	PGY1
Medicine-Preventive Med	4	7	0	44	113	4	7	57.1	100.0	48	117	2020	PGY1
Medicine-Primary	85	430	3	855	2,547	247	423	57.4	98.4	2,888	5,498	2020	PGY1
Medicine-Psychiatry	11	23	0	52	90	18	23	78.3	100.0	186	234	2020	PGY1
Interventional Radiology (Integrated)	22	38	1	152	206	25	37	65.8	97.4	508	613	2020	PGY1
Neurodevelopmental Disabilities	4	4	0	9	20	3	4	75.0	100.0	20	41	2020	PGY1
Neurological Surgery	112	232	0	273	397	203	232	87.5	100.0	3,879	4,471	2020	PGY1
Neurology	126	682	11	490	1,226	317	665	46.5	97.5	4,107	7,525	2020	PGY1
Obstetrics-Gynecology	275	1,443	2	1,292	2,014	1,089	1,440	75.5	99.8	14,699	18,965	2020	PGY1
OB/GYN-Preliminary (PGY-1 Only)	15	18	6	147	211	3	9	16.7	50.0	215	301	2020	PGY1
Orthopedic Surgery	203	849	5	867	1,192	686	844	80.8	99.4	9,744	11,191	2020	PGY1
Osteo Neuromusculoskeletal Med	3	10	2	0	18	0	8	0.0	80.0	0	26	2020	PGY1
Otolaryngology	129	350	2	421	505	310	348	88.6	99.4	4,812	5,242	2020	PGY1
Pathology	164	603	11	229	917	204	587	33.8	97.3	2,339	6,605	2020	PGY1
Pediatrics (Categorical)	222	2,864	24	1,943	3,728	1,731	2,812	60.4	98.2	23,304	34,732	2020	PGY1
Pediatrics-Anesthesiology	5	7	0	14	21	7	7	100.0	100.0	42	52	2020	PGY1
Pediatrics-Emergency Med	4	8	0	26	36	5	8	62.5	100.0	63	84	2020	PGY1
Pediatrics-Medical Genetics	20	22	2	21	35	13	20	59.1	90.9	114	165	2020	PGY1
Pediatrics-P M & R	3	4	0	9	18	2	4	50.0	100.0	14	27	2020	PGY1
Pediatrics-Preliminary	21	19	5	86	118	9	12	47.4	63.2	359	402	2020	PGY1
Pediatrics-Primary	15	92	1	368	871	36	90	39.1	97.8	540	1,154	2020	PGY1
Peds/Psych/Child I Psych	9	22	0	54	64	20	22	90.9	100.0	198	221	2020	PGY1
Physical Medicine & Rehab	39	151	0	275	550	81	151	53.6	100.0	1,326	2,255	2020	PGY1
Plastic Surgery (Integrated)	84	180	0	236	291	165	180	91.7	100.0	2,794	2,990	2020	PGY1
Preventive Medicine	1	1	0	2	17	0	1	0.0	100.0	2	17	2020	PGY1
Psychiatry	310	1,858	12	1,314	2,798	1,138	1,838	61.2	98.9	13,689	21,070	2020	PGY1
Psychiatry-Family Medicine	7	12	0	47	63	10	12	83.3	100.0	144	161	2020	PGY1
Psychiatry-Neurology	3	2	0	10	13	2	2	100.0	100.0	16	23	2020	PGY1
Radiation Oncology	6	14	1	96	119	8	11	57.1	78.6	143	180	2020	PGY1
Radiology-Diagnostic	33	123	4	568	899	50	116	40.7	94.3	1,326	1,999	2020	PGY1
Surgery (Categorical)	328	1,536	4	1,378	2,713	1,033	1,531	67.3	99.7	15,493	21,980	2020	PGY1
Surgery-Preliminary (PGY-1 Only)	258	1,174	174	939	1,962	290	583	24.7	49.7	6,214	9,586	2020	PGY1
Thoracic Surgery	29	38	0	78	120	32	38	84.2	100.0	551	655	2020	PGY1
Transitional (PGY-1 Only)	176	1,436	44	2,383	3,801	822	1,230	57.2	85.7	20,724	28,629	2020	PGY1
Vascular Surgery	59	75	1	82	153	61	73	81.3	97.3	1,238	1,467	2020	PGY1
Anesthesiology	62	398	1	1,038	1,743	265	396	66.6	99.5	5,353	7,644	2020	PGY2
Child Neurology	7	9	3	41	69	1	6	11.1	66.7	45	77	2020	PGY2
Dermatology	137	478	6	471	699	368	469	77.0	98.1	3,979	4,879	2020	PGY2
Interventional Radiology (Integrated)	64	118	6	171	238	94	111	79.7	94.1	1,547	1,797	2020	PGY2
Neurodevelopmental Disabilities	2	3	1	4	6	1	1	33.3	33.3	5	8	2020	PGY2
Neurology	44	244	1	413	813	148	240	60.7	98.4	2,056	3,057	2020	PGY2
Nuclear Medicine	1	1	1	1	3	0	0	0.0	0.0	1	3	2020	PGY2
Osteo Neuromusculoskeletal Med	3	7	2	0	9	0	2	0.0	28.6	0	16	2020	PGY2
Physical Medicine & Rehab	66	316	1	278	628	164	312	51.9	98.7	2,271	4,255	2020	PGY2
Radiation Oncology	82	175	23	128	184	114	143	65.1	81.7	1,592	1,931	2020	PGY2
Radiology-Diagnostic	179	990	18	870	1,480	660	967	66.7	97.7	10,628	14,321	2020	PGY2
Radiology-Nuclear Med	3	3	1	15	29	1	2	33.3	66.7	19	36	2020	PGY2
Anesthesiology	159	1,460	2	1,460	2,706	1,024	1,457	70.1	99.8	15,977	23,046	2021	PGY1
Child Neurology	77	159	10	109	218	100	147	62.9	92.5	1,475	2,109	2021	PGY1
Dermatology	13	30	0	214	265	25	30	83.3	100.0	345	423	2021	PGY1
Emergency Medicine	273	2,840	9	2,081	3,734	1,765	2,826	62.1	99.5	26,746	41,202	2021	PGY1
Emergency Med-Anesthesiology	1	2	0	4	5	2	2	100.0	100.0	4	5	2021	PGY1
Emergency Med-Family Med	3	7	0	17	34	5	7	71.4	100.0	25	53	2021	PGY1
Family Medicine	729	4,823	130	1,837	7,496	1,606	4,472	33.3	92.7	23,779	62,366	2021	PGY1
Family Med-Preventive Med	2	2	0	7	13	1	2	50.0	100.0	10	16	2021	PGY1
Internal Medicine (Categorical)	607	9,024	76	4,124	13,787	3,523	8,632	39.0	95.7	51,491	09,427	2021	PGY1
Medicine-Anesthesiology	2	4	0	16	23	4	4	100.0	100.0	17	24	2021	PGY1
Medicine-Dermatology	5	8	1	27	32	7	7	87.5	87.5	67	80	2021	PGY1
Medicine-Emergency Med	12	31	0	65	122	19	31	61.3	100.0	332	492	2021	PGY1
Medicine-Medical Genetics	4	4	0	7	13	3	4	75.0	100.0	17	28	2021	PGY1
Medicine-Pediatrics	77	385	0	388	603	313	385	81.3	100.0	4,466	5,571	2021	PGY1
Medicine-Preliminary (PGY-1 Only)	356	1,833	79	3,347	5,640	1,210	1,639	66.0	89.4	54,107	67,561	2021	PGY1
Medicine-Preventive Med	2	5	0	25	100	2	5	40.0	100.0	27	103	2021	PGY1
Medicine-Primary	82	441	1	817	2,561	251	437	56.9	99.1	3,141	5,642	2021	PGY1
Medicine-Psychiatry	12	24	0	69	94	22	24	91.7	100.0	266	315	2021	PGY1
Interventional Radiology (Integrated)	23	41	3	162	221	30	38	73.2	92.7	583	713	2021	PGY1
Neurodevelopmental Disabilities	4	6	0	10	22	3	6	50.0	100.0	24	45	2021	PGY1
Neurological Surgery	115	234	0	269	402	198	234	84.6	100.0	4,312	4,960	2021	PGY1
Neurology	127	715	7	562	1,441	358	702	50.1	98.2	5,372	9,840	2021	PGY1
Obstetrics-Gynecology	279	1,460	2	1,292	2,030	1,088	1,457	74.5	99.8	15,287	20,094	2021	PGY1
OB/GYN-Preliminary (PGY-1 Only)	15	18	4	132	195	6	12	33.3	66.7	200	296	2021	PGY1
Orthopedic Surgery	208	868	2	934	1,289	699	866	80.5	99.8	10,093	11,955	2021	PGY1
Osteo Neuromusculoskeletal Med	4	12	4	0	18	0	3	0.0	25.0	0	29	2021	PGY1
Otolaryngology	129	350	0	454	559	310	350	88.6	100.0	5,361	5,880	2021	PGY1
Pathology	165	611	14	212	945	198	589	32.4	96.4	2,661	7,468	2021	PGY1
Pediatrics (Categorical)	222	2,901	17	1,969	3,976	1,749	2,860	60.3	98.6	25,828	39,064	2021	PGY1
Pediatrics-Anesthesiology	5	8	0	14	19	8	8	100.0	100.0	42	48	2021	PGY1
Pediatrics-Emergency Med	4	8	0	25	40	7	8	87.5	100.0	56	79	2021	PGY1
Pediatrics-Medical Genetics	20	27	2	23	44	19	25	70.4	92.6	194	254	2021	PGY1
Pediatrics-P I M & R	3	2	0	9	15	2	2	100.0	100.0	16	24	2021	PGY1
Pediatrics-Preliminary	20	24	2	100	150	16	22	66.7	91.7	570	659	2021	PGY1
Pediatrics-Primary	14	75	1	368	790	39	74	52.0	98.7	556	1,054	2021	PGY1
Peds/Psych/Child Psych	9	21	0	46	62	19	21	90.5	100.0	185	210	2021	PGY1
Physical Medicine & Rehab	39	157	1	284	589	88	156	56.1	99.4	1,465	2,588	2021	PGY1
Plastic Surgery (Integrated)	85	187	0	239	329	167	187	89.3	100.0	2,719	3,047	2021	PGY1
Psychiatry	317	1,907	1	1,415	2,948	1,205	1,904	63.2	99.8	15,392	23,284	2021	PGY1
Psychiatry-Family Medicine	7	12	0	50	63	11	12	91.7	100.0	130	150	2021	PGY1
Psychiatry-Neurology	4	4	0	13	17	1	4	25.0	100.0	29	38	2021	PGY1
Radiation Oncology	7	15	1	89	124	7	12	46.7	80.0	168	225	2021	PGY1
Radiology-Diagnostic	32	122	1	615	989	71	118	58.2	96.7	1,550	2,400	2021	PGY1
Surgery (Categorical)	331	1,569	3	1,405	2,908	1,029	1,564	65.6	99.7	17,076	24,269	2021	PGY1
Surgery-Preliminary (PGY-1 Only)	249	1,136	145	858	1,989	272	612	23.9	53.9	6,983	11,324	2021	PGY1
Thoracic Surgery	35	46	1	89	129	43	45	93.5	97.8	832	958	2021	PGY1
Transitional (PGY-1 Only)	184	1,497	49	2,455	4,063	845	1,272	56.4	85.0	27,767	38,826	2021	PGY1
Vascular Surgery	64	79	0	94	181	65	79	82.3	100.0	1,616	1,994	2021	PGY1
Anesthesiology	57	339	0	1,030	1,874	211	339	62.2	100.0	5,520	8,246	2021	PGY2
Child Neurology	6	8	2	39	75	1	6	12.5	75.0	48	92	2021	PGY2
Dermatology	138	477	5	517	734	382	471	80.1	98.7	4,290	5,188	2021	PGY2
Interventional Radiology (Integrated)	66	121	3	179	257	97	117	80.2	96.7	1,762	2,076	2021	PGY2
Neurodevelopmental Disabilities	3	4	1	6	13	1	2	25.0	50.0	10	19	2021	PGY2
Neurology	43	254	1	467	951	167	253	65.7	99.6	2,463	3,667	2021	PGY2
Nuclear Medicine	1	1	1	0	2	0	0	0.0	0.0	0	2	2021	PGY2
Osteo Neuromusculoskeletal Med	3	7	3	0	12	0	3	0.0	42.9	0	18	2021	PGY2
Physical Medicine & Rehab	68	327	1	302	680	167	325	51.1	99.4	2,706	4,910	2021	PGY2
Radiation Oncology	84	173	28	104	175	94	138	54.3	79.8	1,678	2,248	2021	PGY2
Radiology-Diagnostic	177	986	5	958	1,657	670	979	68.0	99.3	12,181	16,883	2021	PGY2
Radiology-Nuclear Med	2	2	0	8	22	1	2	50.0	100.0	9	26	2021	PGY2
Anesthesiology	165	1,509	1	1,489	2,691	1,054	1,508	69.8	99.9	15,846	22,181	2022	PGY1
Child Neurology	75	166	14	118	231	102	150	61.4	90.4	1,588	2,198	2022	PGY1
Dermatology	14	30	1	240	302	24	28	80.0	93.3	342	440	2022	PGY1
Emergency Medicine	277	2,921	69	1,695	3,081	1,593	2,702	54.5	92.5	24,562	38,174	2022	PGY1
Emergency Med-Anesthesiology	1	2	0	3	6	1	2	50.0	100.0	3	6	2022	PGY1
Emergency Med-Family Med	3	7	0	17	38	4	7	57.1	100.0	23	52	2022	PGY1
Family Medicine	745	4,916	176	1,789	7,425	1,541	4,451	31.3	90.5	22,939	63,480	2022	PGY1
Family Med-Preventive Med	2	2	0	9	22	0	2	0.0	100.0	9	23	2022	PGY1
Internal Medicine (Categorical)	641	9,380	91	4,120	13,844	3,491	8,915	37.2	95.0	52,100	13,873	2022	PGY1
Medicine-Anesthesiology	2	3	0	15	20	2	3	66.7	100.0	15	20	2022	PGY1
Medicine-Dermatology	5	8	0	34	42	7	8	87.5	100.0	63	76	2022	PGY1
Medicine-Emergency Med	12	31	0	72	120	22	31	71.0	100.0	347	489	2022	PGY1
Medicine-Medical Genetics	5	5	2	9	17	3	3	60.0	60.0	18	28	2022	PGY1
Medicine-Pediatrics	78	392	0	403	587	332	392	84.7	100.0	4,666	5,468	2022	PGY1
Medicine-Preliminary (PGY-1 Only)	353	1,774	52	3,644	5,804	1,261	1,624	71.1	91.5	56,793	70,290	2022	PGY1
Medicine-Preventive Med	4	8	0	31	108	5	8	62.5	100.0	33	116	2022	PGY1
Medicine-Primary	86	429	3	851	2,382	248	424	57.8	98.8	3,168	5,241	2022	PGY1
Medicine-Psychiatry	12	24	0	63	95	20	24	83.3	100.0	258	317	2022	PGY1
Interventional Radiology (Integrated)	24	45	0	174	246	37	45	82.2	100.0	703	885	2022	PGY1
Neurodevelopmental Disabilities	4	5	0	18	27	3	5	60.0	100.0	42	56	2022	PGY1
Neurological Surgery	115	240	0	275	391	202	240	84.2	100.0	4,361	4,955	2022	PGY1
Neurology	139	772	7	593	1,463	393	761	50.9	98.6	6,110	10,576	2022	PGY1
Obstetrics-Gynecology	288	1,503	3	1,358	2,161	1,106	1,499	73.6	99.7	15,778	21,035	2022	PGY1
OB/GYN-Preliminary (PGY-1 Only)	15	18	6	99	169	4	9	22.2	50.0	141	236	2022	PGY1
Orthopedic Surgery	210	875	0	1,086	1,470	705	875	80.6	100.0	10,613	12,588	2022	PGY1
Osteo Neuromusculoskeletal Med	5	16	2	0	23	0	13	0.0	81.3	0	53	2022	PGY1
Otolaryngology	134	361	0	463	574	316	361	87.5	100.0	5,276	5,855	2022	PGY1
Pathology	168	631	10	248	994	231	619	36.6	98.1	2,924	8,135	2022	PGY1
Pediatrics (Categorical)	235	2,942	28	1,871	3,824	1,661	2,861	56.5	97.2	25,389	39,475	2022	PGY1
Pediatrics-Anesthesiology	5	6	0	16	20	6	6	100.0	100.0	34	46	2022	PGY1
Pediatrics-Emergency Med	4	9	0	25	34	6	9	66.7	100.0	65	85	2022	PGY1
Pediatrics-Medical Genetics	23	30	2	23	50	18	28	60.0	93.3	177	261	2022	PGY1
Pediatrics-PM& R	3	3	0	12	14	3	3	100.0	100.0	26	30	2022	PGY1
Pediatrics-Preliminary	18	23	2	88	135	16	21	69.6	91.3	499	575	2022	PGY1
Pediatrics-Primary	14	74	1	289	646	31	73	41.9	98.6	453	876	2022	PGY1
Peds/Psych/Child Psych	8	21	0	51	62	20	21	95.2	100.0	186	201	2022	PGY1
Physical Medicine & Rehab	43	180	0	317	701	104	180	57.8	100.0	1,544	2,842	2022	PGY1
Plastic Surgery (Integrated)	86	194	0	281	351	173	194	89.2	100.0	2,924	3,137	2022	PGY1
Psychiatry	352	2,047	11	1,437	2,908	1,253	2,030	61.2	99.2	16,232	24,942	2022	PGY1
Psychiatry-Family Medicine	6	10	0	44	59	10	10	100.0	100.0	109	131	2022	PGY1
Psychiatry-Neurology	4	4	1	16	25	2	3	50.0	75.0	29	44	2022	PGY1
Radiation Oncology	5	10	1	82	108	7	9	70.0	90.0	114	161	2022	PGY1
Radiology-Diagnostic	34	132	0	716	1,156	73	132	55.3	100.0	1,719	2,780	2022	PGY1
Surgery (Categorical)	342	1,622	3	1,467	3,071	1,059	1,619	65.3	99.8	17,477	25,462	2022	PGY1
Surgery-Preliminary (PGY-1 Only)	251	1,150	142	1,008	2,077	304	632	26.4	55.0	6,905	10,799	2022	PGY1
Thoracic Surgery	35	47	0	76	111	41	47	87.2	100.0	804	949	2022	PGY1
Transitional (PGY-1 Only)	195	1,616	44	2,729	4,472	920	1,404	56.9	86.9	33,476	47,071	2022	PGY1
Vascular Surgery	68	84	0	100	168	72	84	85.7	100.0	1,895	2,190	2022	PGY1
Anesthesiology	58	346	0	1,094	1,812	232	346	67.1	100.0	5,792	7,881	2022	PGY2
Child Neurology	4	7	0	32	56	2	7	28.6	100.0	33	61	2022	PGY2
Dermatology	138	492	2	613	851	408	489	82.9	99.4	4,562	5,439	2022	PGY2
Interventional Radiology (Integrated)	66	123	0	199	300	99	123	80.5	100.0	1,775	2,150	2022	PGY2
Neurodevelopmental Disabilities	2	3	0	11	17	3	3	100.0	100.0	21	28	2022	PGY2
Neurology	42	233	1	465	928	165	232	70.8	99.6	2,218	3,337	2022	PGY2
Nuclear Medicine	1	1	1	0	0	0	0	0.0	0.0	0	0	2022	PGY2
Osteo Neuromusculoskeletal Med	1	2	0	0	8	0	2	0.0	100.0	0	8	2022	PGY2
Physical Medicine & Rehab	69	338	1	325	771	172	336	50.9	99.4	2,854	5,217	2022	PGY2
Radiation Oncology	83	166	25	111	189	97	134	58.4	80.7	1,807	2,514	2022	PGY2
Radiology-Diagnostic	172	997	1	1,105	1,850	713	996	71.5	99.9	13,228	17,858	2022	PGY2
Radiology-Nuclear Med	3	3	0	18	42	2	3	66.7	100.0	24	54	2022	PGY2
